name_eng_x,name_new,name_kor,name_eng_y
Al Martin,al martin,,
,albert martin,마틴,Albert Martin
,alessandro maestri,마에스트리,Alessandro Maestri
Alex Maestri,alex maestri,,
Allen Webster,allen webster,,
,an seok jeong,정안석,An-seok Jeong
,andrew anderson,앤더슨,Andrew James Anderson
,andrew burns,번즈,Andrew David Burns
,andrew gagnon,가뇽,Andrew M. Drew Gagnon
,andrew lockett,로켓,Andrew Walker Lockett
,andrew rucinski,루친스키,Andrew James Rucinski
,andrew sisco,시스코,Andrew Sisco
Andy Burns,andy burns,,
,andy hekken,밴헤켄,Andy Van Hekken
Andy Sisco,andy sisco,,
Andy Van Hekken,andy van hekken,,
,ariel agrazal,후라도,Ariel Bolívar Jurado Agrazal
Ariel Jurado,ariel jurado,,
,arquimedez ortiz,포조,Arquimedez Pozo Ortiz
Arquimedez Pozo,arquimedez pozo,,
Ben Jukich,ben jukich,,
Ben Lively,ben lively,,
Ben Rivera,ben rivera,,
,benjamin jukich,주키치,Benjamin Jukich
,bennett lively,라이블리,Bennett Lively
,beom hyeon cho,조범현,Beom-Hyeon Cho
,beom jun cho,조범준,Beom-Jun Jo
Beom Jun Park,beom jun park,,
,beom jun shin,신범준,Beom-Jun Shin
,beom jung lee,이범정,Beom-Jung Lee
Beom Su Jeong,beom su jeong,,
,beop su kwon,권법수,Beop-Su Kwon
,beum soo jeong,정범수,Beum-Soo Jung
,bienvenido rivera,리베라,Bienvenido Rivera
,bin jang,장빈,Bin Jang
Bo Magee,bo magee,,
Bo Takahashi,bo takahashi,,
,bo woong cheon,천보웅,Bo-Woong Cheon
,boo sung park,박부성,Bu-Sung Park
Brad Thomas,brad thomas,,
,bradley thomas,토마스,Bradley Richard Thomas
,brian mazone,매존,Brian Mazone
Bubba Carpenter,bubba carpenter,,
Bubba Smith,bubba smith,,
Bum Hyun Cho,bum hyun cho,,
,bum jun park,박범준,Bum-jun Park
Byeong-cheon Cho,byeong cheon cho,,
Byeong-do Kim,byeong do kim,,
,byeong gon jeong,정병곤,Byeong-Gon Jung
Byeong-gwon Mun,byeong gwon moon,,
,byeong heui jeong,정병희,Byeong-Heui Jeong
,byeong hui kim,김병희,Byeong-Hui Kim
Byeong-hun Kam,byeong hun kam,,
Byeong-hun Lee,byeong hun lee,,
,byeong hyeon kim,김병현,Byeong-Hyeon Kim
Byeong-hyi Chung,byeong hyi jeong,,
Byeong-hyi Son,byeong hyi sohn,,
Byeong-jun Ye,byeong jun ye,,
Byeong-gyu Kang,byeong kyu kang,,
,byeong kyu lee,이병규,Byeong-Kyu Lee
Byeong-meong Lee,byeong meong lee,,
Byeong-seon Kang,byeong seon kang,,
,byeong ui kang,강병의,Byeong-Ui Kang
Byeong Uk Jo,byeong uk cho,,
,byeong woo park,박병우,Byeong-u Park
,byeong wook cho,조병욱,Byeong-Wook Jo
,byeong yeon choi,최병연,Byeong-Yeon Choi
Byong Yeon Choi,byong yeon choi,,
Byoung Gon Jung,byoung gon jeong,,
,byoung woo kang,강병우,Byoung-Woo Kang
,byung chun cho,조병천,Byung-Chun Cho
,byung doo kim,김병두,Byung-Doo Kim
,byung eok lee,이병억,Byung-Eok Lee
Byung Hee Kim,byung hee kim,,
,byung hee sohn,손병희,Byung-Hee Son
,byung hoon kam,감병훈,Byung-Hoon Gam
,byung hoon lee,이병훈,Byung-Hoon Lee
,byung hoon noh,노병훈,Byung-Hoon Noh
,byung hoon park,박병훈,Byung-Hoon Park
,byung hun lee,이병훈,Byung-Hun Lee
Byung-hwee Lee,byung hwee lee,,
Byung-Hyun Kim,byung hyun kim,,
,byung jae kim,김병재,Byung-Jae Kim
,byung joo kim,김병주,Byung-Joo Kim
,byung jun kim,김병준,Byung-Jun Kim
,byung jun lee,이병준,Byung-Jun Lee
,byung jun ye,예병준,Byung-Jun Ye
,byung keun kim,김병근,Byung-Keun Kim
,byung kwon moon,문병권,Byung-Kwon Moon
,byung kyu cho,조병규,Byung-Gyu Cho
,byung kyu kang,강병규,Byung-Kyu Kang
,byung moo kang,강병무,Byung-Moo Kang
,byung seon kwak,곽병선,Byung-seon Kwak
,byung soo kang,강병수,Byung-Soo Kang
,byung sun kang,강병선,Byung-Sun Kang
,byung sun ryu,유병선,BYUNG-SUN RYU
Byung-ui Kang,byung ui kang,,
,byunggeol woo,우병걸,Byunggeol Woo
ByungHo Park,byungho park,,
C.J. Nitkowski,c.j. nitkowski,,
,carl webster,웹스터,Carl Allen Webster
,case mitchell,미첼,Case Mitchell
Chad Bell,chad bell,,
,chadwick bell,채드벨,Chadwick Micah Bell
,chae wool park,박채울,Chae-wool Park
,chan beom park,박찬범,Chan-Beom Park
Chan Gun Lee,chan gun lee,,
Chan-gwan Cho,chan gwan cho,,
,chan gyun kim,김찬균,Chan-Gyun Kim
,chan hee park,박찬희,Chan-Hee Park
,chan ho ahn,안찬호,Chan-Ho An
Chan-hyeop Pak,chan hyeop park,,
,chan hyub park,박찬협,Chan-Hyub Park
,chan jong moon,문찬종,Chan-Jong Moon
,chan keon lee,이찬건,Chan-Keon Lee
,chan ki lee,이찬기,Chan-Gi Lee
,chan kwan cho,조찬관,Chan-Kwan Cho
,chan min kim,김찬민,Chan-Min Kim
Chan Moon,chan moon,,
,chan seob lee,이창섭,Chan-Seob Lee
,chan suk lee,이찬석,Chan-Suk Lee
Chan-uk Chou,chan uk choi,,
,chan wook choi,최찬욱,Chan-Wook Choi
,chan yeup noh,노찬엽,Chan-Yeup Noh
Chan Yub Roh,chan yub noh,,
,chang  yang choi,최창양,Chang- Yang Choi
Chang Choi,chang choi,,
Chang Hee Kim,chang hee kim,,
,chang hee shin,신창희,Chang-Hee Shin
,chang hei kim,김창희,Chang-Hei Kim
,chang ho ahn,안창호,Chang-Ho An
,chang ho lee,이창호,Chang-Ho Lee
,chang hoon joo,주창훈,Chang-Hoon Joo
Chang-Hun Choo,chang hun choo,,
,chang hwan moon,문창환,Chang-Hwan Moon
,chang hyeon song,송창현,Chang-Hyeon Song
,chang joo kang,강창주,Chang-Ju Kang
Chang Min Jeon,chang min jeon,,
Chang Moon,chang moon,,
Chang Seob Lee,chang seob lee,,
,chang yeop lee,이창엽,Chang-Yeop Lee
,chang yeoul lee,이창율,Chang-Yeoul Lee
,chang yong kim,김창용,Chang-yong Kim
,charles carpenter,카펜터,Charles Carpenter
,charles lehr,레이어,Charles Larry Justin Lehr
,charles smith,스미스,Charles Smith
,charles smith,스미스,Charles Edward Smith
,cheol eon shin,신철언,Cheol-Eon Shin
Cheol-hyi Pak,cheol hyi park,,
,cheon soo choi,최천수,Cheon-Soo Choi
Chi-ho Ha,chi ho ha,,
Chil-sung Park,chil sung park,,
,chilsung park,박칠성,Chilsung Park
,choi seol woo,최설우,Choi Seol-Woo
,chol min lee,이철민,Chol-Min Lee
,choong hee han,한충희,Choong-Hee Han
Chris Bootcheck,chris bootcheck,,
Chris Volstad,chris volstad,,
,christopher bootcheck,부첵,Christopher Brandon Bootcheck
,christopher nitkowski,니코스키,Christopher John Nitkowski
,christopher volstad,볼스테드,Christopher Kenneth Volstad
Chuck Smith,chuck smith,,
,chul hee park,박철희,Chul-Hee Park
,chul min hyun,현철민,Chul-Min Hyun
,chung hyun lee,이청현,Chung-Hyun Lee
Chung Myoung Yook,chung myoung yook,,
,chung myung yook,육청명,Chung-myung Yuk
,chung yeol cho,조충열,Chung-Yeol Cho
Chung-yeol Chou,chung yeol choi,,
Cliff Brumbaugh,cliff brumbaugh,,
,clifford brumbaugh,브룸바,Clifford Michael Brumbaugh
D.J. Houlton,d.j. houlton,,
,da huin jeong,정다흰,Da-Huin Jeong
,dae gyeom han,한대겸,Dae-Gyeom Han
,dae han jang,장대한,Dae-han Jang
,dae hwa han,한대화,Dae-Hwa Han
,dae hyeok jeong,정대혁,Dae-Hyeok Jung
,dae hyeon jeong,정대현,Dae-Hyeon Jeong
,dae ik kim,김대익,Dae-Ik Kim
,dae myung park,박대명,Dae-Myung Park
Dae-un Paek,dae un baek,,
Dae-ung Pae,dae ung bae,,
Dae Won Moon,dae won moon,,
,dae won yang,양대원,Dae-Won Yang
,dae woon baek,백대운,Dae-Woon Beak
,dae woong bae,배대웅,Dae-Woong Bae
Dai Hwa Han,dai hwa han,,
Dai Ick Kim,dai ick kim,,
,dal hwan kim,김달환,Dal-Hwan Kim
Dan Rohrmeier,dan rohrmeier,,
,dan woo	 kim,김단우,Dan-Woo	 Kim
,daniel magee,매기,Daniel Magee
,daniel rios,리오스,Daniel Danny Rios
,daniel rohrmeier,로마이어,Daniel Rohrmeier
,daniel worth,워스,Daniel Weston Worth
Danny Rios,danny rios,,
Danny Worth,danny worth,,
Dave Bush,dave bush,,
Dave Evans,dave evans,,
,david bush,부시,David Bush
,david evans,에반스,David Evans
Deck McGuire,deck mcguire,,
Denny Bautista,denny bautista,,
,denny german,바티스타,Denny M. Bautista Germán
,deog kyu yoon,윤덕규,Deog-Kyu Yun
,deok gyun hwang,황덕균,Deok-Gyun Hwang
,deok hyun jeong,정덕현,Deok-Hyun Jung
Deok-jun Kwon,deok jun kwon,,
Deok-gyu Yun,deok kyu yoon,,
Deok-Yun Kim,deok yun kim,,
DJ Peters,dj peters,,
,do gyeong yoon,윤도경,Do-Gyeong Yoon
Do-gyun Kim,do gyun kim,,
,do hoon kang,강도훈,Do-Hoon Kang
,do hyeok lim,임도혁,Do-Hyuk Lim
,do hyun lee,이도현,Do-Hyun Lee
,do kyun kim,김도균,Do-kyun Kim
,do kyung kim,김도경,Do-Kyung Kim
Do Kyung Yoon,do kyung yoon,,
,do ryeol baek,백도렬,Do-Ryeol Baek
,do wol kim,김도월,Do-Wol Kim
,do won ahn,안도원,Do-Won Ahn
,do woong jeong,정도웅,Do-Woong Jung
,do yoon kim,김도윤,Do-Yoon Kim
,do yoon lee,이도윤,Do-Yoon Lee
Don-hun Kwak,don hun kwak,,
,dong bin kim,김동빈,Dong-Bin Kim
,dong chan kim,김동찬,Dong-Chan Kim
,dong eun lee,이동은,Dong-Eun Lee
,dong geol lee,이동걸,Dong-Geol Lee
Dong-geon Kim,dong geon kim,,
,dong geon lee,이동건,Dong-Geon Lee
,dong gil kim,김동길,Dong-Gil Kim
,dong gwon kang,강동권,Dong-Gwon Kang
Dong-gyeong Pak,dong gyeong park,,
Dong-gyun Yun,dong gyun yoon,,
Dong Hack Lee,dong hack lee,,
,dong hak lee,이동학,Dong-Hak Lee
Dong-han Chin,dong han chin,,
,dong han jin,진동한,Dong-Han Jin
,dong hee choi,최동희,Dong-Hee Choi
,dong hee han,한동희,Dong-Hee Han
,dong hee park,박동희,Dong-Hee Park
,dong hoon han,한동훈,Dong-Hoon Han
,dong hoon kang,강동훈,Dong-hoon Kang
,dong hoon kwak,곽동훈,Dong-Hoon Kwak
,dong hoon lee,이동훈,Dong-Hoon Lee
Dong Hui Han,dong hui han,,
,dong hyeok kwon,권동혁,Dong-Hyeok Kwon
,dong hyeok park,박동혁,Dong-Hyuk Park
,dong hyeon cho,조동현,Dong-Hyeon Cho
,dong hyeong kang,강동형,Dong-Hyeong Kang
Dong-hyi Pak,dong hyi park,,
,dong hyun kwon,권동현,Dong-hyun Kwon
,dong jun kim,김동준,Dong-Jun Kim
,dong keon yeo,여동건,Dong-Keon Yeo
Dong-Kil Kim,dong kil kim,,
,dong kim,김동혁,Kim Donghyeok
Dong Kul Lee,dong kul lee,,
,dong kun kim,김동건,Dong-Kun Kim
,dong kwan lee,이동관,Dong-Kwan Lee
,dong kyu lee,이동규,Dong-Kyu Lee
,dong kyu shin,신동규,Dong-Kyu Shin
,dong kyun yoon,윤동균,Dong-kyun Yoon
,dong kyung park,박동경,Dong-Kyung Park
,dong min park,박동민,Dong-Min Park
Dong-sik Chu,dong sik chu,,
,dong sik joo,주동식,Dong-Sik Joo
Dong-su Kim,dong su kim,,
,dong su park,박동수,Dong-Su Park
,dong su shin,신동수,Dong-Su Shin
Dong Uk Cho,dong uk cho,,
Dong Uk Kim,dong uk kim,,
Dong-uk Lee,dong uk lee,,
Dong Uk Seo,dong uk seo,,
,dong uk song,송동욱,Dong-Uk Song
Dong-Weun Lee,dong weun lee,,
Dong Won Lee,dong won lee,,
,dong woo jang,장동우,Dong-Woo Jang
,dong wook cho,조동욱,Dong-wook Jo
,dong wook jeong,정동욱,Dong-Wook Jeong
,dong wook kwon,권동욱,Dong-wook Kwon
Dong Wook Park,dong wook park,,
,dong woon yang,양동운,Dong-woon Yang
,dong yeong cha,차동영,Dong-Young Cha
,dong yil yang,양동일,Dong-Yil Yang
,dong yung kim,김동영,Dong-yung Kim
,donk keun lee,이동근,Donk-Keun Lee
Doug Clark,doug clark,,
Doug Mathis,doug mathis,,
,douglas clark,클락,Douglas Dwyer Clark
,douglas mathis,매티스,Douglas Mathis
Drew Anderson,drew anderson,,
Drew Gagnon,drew gagnon,,
Drew Rucinski,drew rucinski,,
,du san jeong,정두산,Du-San Jeong
Duck Gyoon Hwang,duck gyoon hwang,,
,duk jun kwon,권덕준,Duk-Jun Kwon
,duk yoon kim,김덕윤,Duk-Yoon Kim
Eddie Butler,eddie butler,,
Eddie Rios,eddie rios,,
,edgar elizondo,곤잘레스,Édgar Gerardo González Elizondo
Édgar González,edgar gonzalez,,
,eduardo rios,리오스,Eduardo Rios
Enmanuel De Jesus,enmanuel de jesus,,
,enmanuel jesus,헤이수스,Enmanuel Jose De Jesus
,enny hernandez,로메로,Enny Manuel Romero Hernandez
,eok man kim,김억만,Eok-Man Kim
,eui hyun hong,홍의현,Eui-Hyun Hong
,eui ji yang,양의지,Eui-Ji Yang
,eui jun kim,김의준,Eui-Jun Kim
Eui Jun Sung,eui jun sung,,
,eui sik kong,공의식,Eui-Sik Gong
,eum jang yoon,엄장윤,Eum Jang-Yoon
,eun cho,조은,Eun Cho
,eun hyung lee,이은형,Eun-Hyung Lee
,eun seok jeon,전은석,Eun-Seok Jeon
Eung Gook Kim,eung gook kim,,
,eung kook kim,김응국,Eung-Guk Kim
,eung soo kim,김응수,Eung-Soo Kim
,ezekiel spruill,지크,Ezekiel Stephen Zeke Spruill
,felix dofen,피에,Félix Pie Dofen
Félix Pie,felix pie,,
,gab joong kim,김갑중,Gab-Joong Kim
,gang bae,배강,Gang Bae
Gang-don Lee,gang don lee,,
Gang Hyun Kim,gang hyun kim,,
Gang-ik Kim,gang ik kim,,
Gang-Seo Lee,gang seo lee,,
Gang-Yoo Park,gang yoo park,,
Gap-jung Kim,gap jung kim,,
,geon hee cho,조건희,Geon-Hee Cho
,geon hee han,한건희,Geon-Hee Han
,geon hyeong kim,김건형,Geon-Hyeong Kim
Geon Hyoung Kim,geon hyoung kim,,
,geon joo hwang,황건주,Geon-Ju Hwang
,geon jun kang,강건준,Geon-Jun Kang
,geon kim,김건,Geon Kim
,geon park,박건,Geon Park
,geon pil kim,김건필,Geon-Pil Kim
,geon woo pang,방건우,Geon-Woo Bang
,geon woo park,박건우,Geon-Woo Park
,geon wook lee,이건욱,Geon-Wook Lee
,geon yi  kim,김건이,Geon-Yi  Kim
,geon yup heo,허건엽,Geon-Yup Heo
Geong-gyu Park,geong kyu park,,
,gerrod davis,데이비스,Gerrod Jay Davis
,giho park,박기호,Giho Park
,gil hyun yoon,윤길현,Gil-Hyun Yoon
,gil sung choi,최길성,Gil-Sung Choi
Go-ung Yu,go ung yoo,,
,go woong yoo,유고웅,Go-Woong Yu
,gong sa,사공엽,Yeop Sagong
Gu Hong Song,gu hong song,,
Gu-seon Jeong,gu seon jeong,,
,gu seong kang,강구성,Gu-Seong Kang
,gu sun jeong,정구선,Gu-Sun Jung
,gu yeol yang,양구열,Gu-Yeol Yang
,gui seok moon,문귀석,Gui-Seok Moon
Guillermo Heredia,guillermo heredia,,
,guillermo molina,에레디아,Guillermo Heredia Molina
Gun-cheol Song,gun cheol song,,
Gun-no Lee,gun no lee,,
Gun-ok Lee,gun ok lee,,
,gun woo noh,노건우,No Gun-Woo
,gustavo aguayo,가르시아,Gustavo Karim García Aguayo
,gwan ho kim,김관호,Gwan-ho Kim
Gwan Hoe Heo,gwan hoe heo,,
Gwan-sik Kang,gwan sik kang,,
Gwang-cheon Hong,gwang cheon hong,,
Gwang-eun Lee,gwang eun lee,,
Gwang-gwon Lee,gwang gwon lee,,
,gwang ho jang,장광호,Gwang-Ho Jang
Gwang-ho Na,gwang ho na,,
Gwang-hoe Kang,gwang hoe kang,,
Gwang-hyeon Kim,gwang hyeon kim,,
Gwang-hyi Kim,gwang hyi kim,,
,gwang lim kim,김광림,Gwang-Lim Kim
Gwang-muk Chou,gwang muk choi,,
,gwang myung park,박광명,Gwang-myung Park
Gwang-ok Kum,gwang ok keum,,
,gwang soo kim,김광수,Gwang-Soo Kim
,gwang un jeong,정광운,Gwang-Un Jeong
Gwang-U Kim,gwang woo kim,,
Gwang-Yeon Kim,gwang yeon kim,,
Gwang-yul Pak,gwang yul park,,
Gwang-yun Kim,gwang yun kim,,
Gweon Su An,gweon su ahn,,
Gwi-seok Mun,gwi seok moon,,
Gwon-hyi Kwak,gwon hyi kwak,,
,gyeol ui kim,김결의,Gyeol-ui Kim
,gyeom ahn,안겸,Gyeom Ahn
,gyeom han,한겸,Gyeom Han
,gyeon eon kim,김경언,Gyeon-Eon Kim
Gyeong-bok Lee,gyeong bok lee,,
,gyeong chan moon,문경찬,Gyeong-Chan Moon
,gyeong chan seo,서경찬,Gyeong-Chan Seo
,gyeong cheol choi,최경철,Gyeong-Cheol Choi
Gyeong-eop Chu,gyeong eop chu,,
Gyeong-ha Kim,gyeong ha kim,,
Gyeong-ha Wu,gyeong ha woo,,
,gyeong hak kang,강경학,Gyeong-Hak Kang
Gyeong-heum Yeon,gyeong heum yeon,,
Gyeong-ho Lee,gyeong ho lee,,
Gyeong-ho Shin,gyeong ho shin,,
Gyeong-ho Son,gyeong ho sohn,,
Gyeong-hun Chou,gyeong hun choi,,
Gyeong-hun Jeong,gyeong hun jeong,,
Gyeong-hun Kim,gyeong hun kim,,
Gyeong-Hun Lim,gyeong hun lim,,
Gyeong-hwan Pae,gyeong hwan bae,,
Gyeong-Jin Kim,gyeong jin kim,,
Gyeong-jin Kim,gyeong jin kim,,
Gyeong-Jin Park,gyeong jin park,,
Gyeong-Min Lee,gyeong min lee,,
Gyeong-Min Lee,gyeong min lee,,
Gyeong-mo Kim,gyeong mo kim,,
,gyeong mo yang,양경모,Gyeong-Mo Yang
Gyeong-pil Lee,gyeong pil lee,,
Gyeong-pyo Kim,gyeong pyo kim,,
Gyeong-sam Min,gyeong sam min,,
Gyeong-seon Kim,gyeong seon kim,,
Gyeong-sik Chu,gyeong sik chu,,
Gyeong-soo Kim,gyeong soo kim,,
Gyeong-su Min,gyeong su min,,
,gyeong tae choi,최경태,Gyeong-Tae Choi
Gyeong-tae Lee,gyeong tae lee,,
Gyeong-taek Lim,gyeong taek lim,,
,gyeong wan lim,임경완,Gyeong-Wahn Lim
Gyeong-won Kim,gyeong won kim,,
Gyeong-won Lee,gyeong won lee,,
,gyeong woo oh,오경우,Gyeong-u Oh
,gyeong yeob yeom,염경엽,Gyeong-Yeob Yeom
Gyeong-yeong Yoon,gyeong yeong yoon,,
,gyo ram kim,김교람,Gyo-Ram Kim
Gyo-Seong Chang,gyo seong jang,,
,gyoo kim,김규대,Kim Gyudae
Gyoung-Wan Lim,gyoung wan lim,,
,gyung soo min,민경수,Gyung-Soo Min
,ha joon nam,남하준,Ha-Joon Nam
,ha seong ryu,류하성,Ha-Seong Ryu
,hae chan kim,김해찬,Hae-Chan Kim
,hae jung yoo,유혜정,Hae-Jung Yoo
,hae won jeong,정해원,Hae-Won Jung
,hae woong ha,하해웅,Hae-Woong Ha
,hae yeong jeong,정해영,Hae-Young Jung
,haeng hee kim,김행희,Haeng-Hee Kim
Haeng-hyi Kim,haeng hyi kim,,
Hai Young Jung,hai yeong jeong,,
,hak gil yoon,윤학길,Hak-Gil Yoon
,hak jin cho,조학진,Hak-Jin Cho
,hak jin shin,신학진,Hak-Jin Shin
,hak jun noh,노학준,Hak-Jun Noh
Hak Kil Yoon,hak kil yoon,,
,han bin so,소한빈,Han-bin So
,han gil park,박한길,Han-Gil Park
Han-gyeong Chou,han gyeong choi,,
Han-kil Park,han kil park,,
,han kyul park,박한결,Han-Kyul Park
,han kyung choi,최한경,Han-Kyung Choi
,han lee,이한,Han Lee
,han sang kim,김한상,Han-Sang Kim
,han sol kim,김한솔,Han-Sol Kim
Han Uk Cho,han uk cho,,
,han wook cho,조한욱,Han-Wook Cho
,han wool joo,주한울,Han-Wool Joo
,hawon jeon,전하원,Hawon Jeon
Hea Sung Kim,hea sung kim,,
,hee beom jeon,전희범,Hee-Beom Jeon
,hee bong ahn,안희봉,Hee-Bong An
,hee chan park,박희찬,Hee-Chan Park
,hee chang choi,최희창,Hee-Chang Choi
,hee gwan yoo,유희관,Hee-Gwan Yoo
,hee han,한희,Hee Han
,hee joo oh,오희주,Hee-Ju Oh
,hee joo park,박희주,Hee-Joo Park
Hee Keun Lee,hee keun lee,,
Hee Kwan Yoo,hee kwan yoo,,
,hee sang yoon,윤희상,Hee-Sang Yoon
,hee seok kang,강희석,Hee-Seok Kang
,hee seong kang,강희성,Hee-Seong Kang
,hee soo moon,문희수,Hee-Soo Moon
,hee soo park,박희수,Hee-Soo Park
,hee sung moon,문희성,Hee-Sung Moon
,hee won kim,김희원,Hee-Won Kim
Hee Woon Ryu,hee woon ryu,,
,hee yeong yoon,윤희영,Hee-Young Yoon
Hei Chun Lee,hei chun lee,,
,hei min han,한희민,Hei-Min Han
,hei sug kwon,권희석,Hei-Sug Kwon
Heishu Ohara,heishu ohara,,
,heo yong joo,허용주,Heo Yong-Joo
,heon sung byeon,변헌성,Heon-Sung Byun
,heung jin oh,오흥진,Heung-Jin Oh
Heung-un Cho,heung un cho,,
,heung woon cho,조흥운,Heung-Woon Cho
Hi Sang Yoon,hi sang yoon,,
Ho-gyun Lee,ho gyun lee,,
,ho hyun lee,이호현,Ho-Hyun Lee
Ho Joon Lee,ho joon lee,,
,ho jun seok,석호준,Ho-Jun Seok
,ho jun shin,신호준,Ho-jun Shin
,ho kyun lee,이호균,Ho-Kyun Lee
,ho min kim,김호민,Ho-Min Kim
,ho pyo cho,조호표,Ho-Pyo Cho
,ho sik yoo,유호식,Ho-Sik Yu
,ho yeol lee,이호열,Ho-Yeol Lee
,ho yeon kim,김호연,Ho-Yeon Kim
,ho yeong jeon,전호영,Ho-Young Jeon
,hoe chan jeong,정회찬,Hoe-Chan Jeong
Hoe-seon Jeong,hoe seon jeong,,
,hoe seong kim,김회성,Hoe-Seong Kim
Hoe-yeol Yang,hoe yeol yang,,
,hoi kwon kim,김회권,Hoi-Kwon Kim
,hoi sun jeong,정회선,Hoi-Sun Jung
,hoi yeol jeong,정회열,Hoi-Yeol Jung
,hoi yeol yang,양회열,Hoi-Yeol Yang
,hong gu lee,이홍구,Hong-Gu Lee
,hong jib kim,김홍집,Hong-Jib Kim
Hong-jip Kim,hong jip kim,,
Hong-jip Kim,hong jip kim,,
Hong Ku Lee,hong ku lee,,
,hoon ho kim,김훈호,Hoon-Ho Kim
Hui-gon Kim,hui gon kim,,
Hui-gwon Kim,hui gwon kim,,
Hui Han,hui han,,
,hui jae lee,이희재,Hui-Jae Lee
,hui keun lee,이희근,Hui-Geun Lee
,hui sang jeong,정희상,Hui-Sang Jeong
,hui seob hong,홍희섭,Hui-Sup Hong
,hui woon ryu,류희운,Hui-Woon Ryu
,hun lee,이훈,Hun Lee
,hwa rang park,박화랑,Hwa-Rang Park
,hwa yeong kang,강화영,Hwa-Yeong Kang
Hwan Yu Je,hwan yoo je,,
,hwang koo,구황,Hwang Gu
,hwi bong yoo,유휘봉,Hwi-Bong Yoo
Hwi Chan Jung,hwi chan jeong,,
,hwi geon kim,김휘건,Hwi-geon Kim
,hwi gon kim,김휘곤,Hwi-Gon Kim
,hwi sung park,박휘성,Hwi-Sung Park
Hwi-uk Kim,hwi uk kim,,
,hwi wook kim,김휘욱,Hwi-Wook Kim
,hye chun lee,이혜천,Hye-Chun Lee
Hye-Gyeom Kim,hye gyeom kim,,
Hye-jeong Yu,hye jeong yoo,,
,hye kyeom kim,김혜겸,Hye-Kyeom Kim
,hye seong ha,하혜성,Hye-Seong Ha
,hye sung cha,차혜성,Hye-Sung Cha
,hye sung kim,김혜성,Hye-Sung Kim
,hyeok chan kwon,권혁찬,Hyeok-Chan Kwon
Hyeok Gyung Kwon,hyeok gyung kwon,,
,hyeok kim,김력,Hyuk Kim
,hyeok kyung kwon,권혁경,Hyuk-Kyung Kwon
,hyeok park,박혁,Hyuk Park
Hyeon-cheol Kang,hyeon cheol kang,,
,hyeon cheol ryu,류현철,Hyeon-Cheol Ryu
Hyeon-doe Sin,hyeon doe shin,,
,hyeon hui han,한현희,Hyeon-Hui Han
,hyeon jae cheon,천현재,Hyeon-Jae Cheon
,hyeon je song,송현제,Hyeon-Je Song
,hyeon jeong choi,최현정,Hyeon-Jeong Choi
Hyeon Joon Kim,hyeon joon kim,,
Hyeon Jun An,hyeon jun ahn,,
Hyeon-jun Chou,hyeon jun choi,,
,hyeon jun lee,이현준,HYEON-JUN LEE
,hyeon kwon,권현,Hyeon Kwon
,hyeon lee,이현민,Lee Hyeonmin
Hyeon-min Kim,hyeon min kim,,
Hyeon Su Kim,hyeon su kim,,
Hyeong Been Han,hyeong bin han,,
Hyeong Bum Lee,hyeong bum lee,,
,hyeong cheol kye,계형철,Hyeong-Cheol Kye
Hyeong-hyeon Chou,hyeong hyeon choi,,
,hyeong jin yang,양형진,Hyeong-jin Yang
,hyeong jun park,박형준,Hyeong-Jun Park
Hyeong Jun So,hyeong jun so,,
,hyeong jun sohn,손형준,Hyeong-Jun Son
,hyeong rok choi,최형록,Hyeong-rok Choi
Hyeong-seong Kim,hyeong seong kim,,
Hyeong-uk Ko,hyeong uk ko,,
Hyeseong Kim,hyeseong kim,,
Hyi-bong An,hyi bong ahn,,
Hyi-chan Pak,hyi chan park,,
Hyi-chang Chou,hyi chang choi,,
Hyi-ju Oh,hyi joo oh,,
Hyi-min Han,hyi min han,,
Hyi-sang Chung,hyi sang jeong,,
Hyi-seop Hong,hyi seob hong,,
Hyi-seok Kang,hyi seok kang,,
Hyi-seong Lee,hyi seong lee,,
Hyi-Seong Moon,hyi seong moon,,
Hyi-soo Mun,hyi soo moon,,
Hyi-su Park,hyi su park,,
,hyo il park,박효일,Hyo-il Park
,hyo jun lee,이효준,Hyo-Jun Lee
,hyo jun yang,양효준,Hyo-Jun Yang
,hyo sang lee,이효상,Hyo-Sang Lee
,hyo seung shin,신효승,Hyo-Seung Shin
,hyo soo shin,신효수,Hyo-soo Shin
,hyo ui hong,홍효의,Hyo-Ui Hong
,hyo won cho,조효원,Jo Hyo-Won
,hyo yong ryu,류효용,Hyo-Yong Ryu
Hyoun Taek Oh,hyoun taek oh,,
Hyoung Won Lim,hyoung won lim,,
Hyoung Woo Choi,hyoung woo choi,,
Hyoung Woo Ryu,hyoung woo ryu,,
,hyun chul kang,강현철,Hyun-Chul Kang
,hyun dae shin,신현대,Hyun-Dae Shin
,hyun duk cho,조현덕,Hyun-Duk Cho
,hyun gon ryu,류현곤,Hyun-Gon Ryu
Hyun Hee Han,hyun hee han,,
,hyun ho bae,배현호,Hyun-Ho Bae
,hyun jin yang,양현진,Hyun-Jin Yang
,hyun jong baek,백현종,Hyun-jong Baek
,hyun jun ahn,안현준,Hyun-Jun Ahn
,hyun jun choi,최현준,Hyun-Jun Choi
,hyun jun lee,이현준,Hyun-Jun Lee
,hyun kim,김현,Hyun Kim
,hyun min cho,조현민,Hyun-min Cho
,hyun min jeong,정현민,Hyun-Min Jung
,hyun min lee,이현민,Hyun-Min Lee
,hyun min oh,오현민,Hyun-Min Oh
,hyun seo ahn,안현서,Hyun-Seo Ahn
,hyun seok ahn,안현석,hyun-Seok Ahn
Hyun Seok Choi,hyun seok choi,,
,hyun seok jeong,정현석,Hyun-Seok Jeong
,hyun seok oh,오현석,Hyun-Seok Oh
,hyun soo baek,백현수,Hyun-Soo Baek
,hyun soo shin,신현수,Hyun-Soo Shin
,hyun suk choi,최현석,Hyun-suk Choi
Hyun Suk Jung,hyun suk jeong,,
,hyun taek oh,오현택,Hyun-Taek Oh
Hyun Uk Kim,hyun uk kim,,
,hyun won seo,서현원,Hyun-Won Seo
,hyun woo jang,장현우,Hyun-Woo Jang
,hyun woo lee,이현우,Hyun-Woo Lee
,hyun wook kim,김현욱,Hyun-Wook Kim
,hyung beom lee,이형범,Hyung-Beom Lee
Hyung Chul Gye,hyung chul gye,,
,hyung hyun choi,최형현,Hyung-Hyun Choi
Hyung Joon Sohn,hyung joon sohn,,
Hyung Jun Park,hyung jun park,,
,hyung jun so,소형준,Hyung-Jun So
,hyung keun jeon,전형근,Hyung-Geun Jeon
,hyung seok kim,김형석,Hyung-Seok Kim
Hyung Suk Kim,hyung suk kim,,
,hyung sung kim,김형성,Hyung-Sung Kim
,hyung won lim,임형원,Hyung-Won Lim
,hyung woo choi,최형우,Hyung-Woo Choi
,hyung woo ryu,류형우,Hyung-Woo Ryu
,hyung wook kim,김형욱,Hyung-Wook Kim
,hyung wook ko,고형욱,Hyung-Wook Ko
I-gap Hwang,i gap hwang,,
I-seok To,i seok doh,,
I-soo Kim,i soo kim,,
,ik hee han,한익희,Ik-Hee Han
,ik hyeon lim,임익현,Ik-Hyeon Lim
Ik-hyi Han,ik hyi han,,
,ik soo kim,김익수,Ik-Soo Kim
,il eon choi,최일언,Il-Eon Choi
,il eui lee,이일의,Il-Eui Lee
Il-gwon Hwang,il gwon hwang,,
Il-gwon Kim,il gwon kim,,
,il gyeong kim,김일경,Il-Gyeong Kim
,il hoon park,박일훈,Il-Hoon Park
,il kwon hwang,황일권,Il-Kwon Hwang
,il kwon kim,김일권,Il-Kwon Kim
Il Kyoung Kim,il kyoung kim,,
Il-ryung Kim,il ryung kim,,
Il-ui Lee,il ui lee,,
,il yung kim,김일융,Il-Yung Kim
In-gu Lee,in gu lee,,
In-gwon Kim,in gwon kim,,
,in ho kang,강인호,In-Ho Kang
,in hwan jeon,전인환,In-Hwan Jeon
,in hyeok bae,배인혁,In-Hyuk Bae
,in hyeok lee,이인혁,In-Hyuk Lee
In Hyok Yi,in hyok lee,,
,in koo lee,이인구,In-Koo Lee
,in kwon hwang,황인권,In-Kwon Hwang
,in kwon kim,김인권,In-Kwon Kim
,in tae yeo,여인태,In-Tae Yeo
In Whan Jeon,in whan jeon,,
,in woo park,박인우,In-woo Park
,j .,홀튼,Dennis Sean D. J. Houlton Jr.
,j .,라이트,Dennis Michael Mike Wright Jr.
,j r,파노니,Thomas Edward Pannone Jr
,j r,피터스,DJ Peters Jr
,j r,로하스,Mel Rojas Jr
J.D. Martin,j.d. martin,,
J.R. Phillips,j.r. phillips,,
,j.r. philllips,필립스,J.R. Philllips
,ja un koo,구자운,Ja-Un Ku
Ja-woon Koo,ja woon koo,,
,jacob fox,폭스,Jacob Quirin Fox
Jae Bak Song,jae bak song,,
Jae-Bin Kim,jae bin kim,,
,jae eung seo,서재응,Jae-Eung Seo
,jae geon cho,조재건,Jae-Geon Cho
Jae Gul Kim,jae gul kim,,
Jae-gwang Kwon,jae gwang kwon,,
Jae Heon Seong,jae heon seong,,
,jae heon sung,성재헌,Jae-Heon Sung
,jae ho yoo,유재호,Jae-Ho Yoo
,jae hun jang,장재훈,Jae-Hun Jang
Jae-Hun Chung,jae hun jeong,,
Jae-hun Jeong,jae hun jeong,,
,jae hwan bae,배재환,Jae-Hwan Bae
,jae hwan jeong,정재환,Jae-Hwan Jung
,jae hyeok choi,최재혁,Jae-hyeok Choi
,jae hyeok jin,진재혁,Jae-Hyuk Jin
Jae Hyeon Nam,jae hyeon nam,,
Jae Hyouk Jang,jae hyouk jang,,
,jae hyung kim,김재형,JAE-HYUNG KIM
,jae in lee,이재인,Jae-In Lee
,jae joong jang,장재중,Jae-Joong Jang
,jae joong kim,김재중,Jae-Joong Kim
Jae Kuk Ryu,jae kuk ryu,,
,jae kwan lee,이재관,Jae-Kwan Lee
,jae kwang kwon,권재광,Jae-Kwang Kwon
,jae kyu park,박재규,Jae-Gyu Park
,jae min seol,설재민,Seol Jae-Min
,jae park song,송재박,Jae-Park Song
,jae rok lee,이재록,Jae-Rok Lee
,jae seung lee,이재승,Jae-Seung Lee
,jae sung kim,김재성,Jae-Sung Kim
,jae sung lee,이재성,Jae-Sung Lee
Jae-ung Shin,jae ung shin,,
Jae Weong Seo,jae weong seo,,
Jae Whan Bae,jae whan bae,,
,jae won noh,노재원,Noh Jae-won
Jae-wong Yu,jae wong yoo,,
,jae wook lee,이재욱,Jae-Wook Lee
,jae woong yoo,유재웅,Jae-Woong Yu
,jae yeong hong,홍재영,Hong Jae-young
Jake Fox,jake fox,,
,james serrano,세라노,James Serrano
,jang eun moon,문장은,Jang-Eun Moon
,jang heu park,박장희,Jang-Heu Park
,jang hui lee,이장희,Jang-Hui Lee
,jang hwan lee,이장환,Jang-Hwan Lee
Jang Hyeok Yoo,jang hyeok yoo,,
Jang-Hyi Park,jang hyi park,,
,jang min park,박장민,Jang-Min Park
,jang min seo,서장민,Jang-Min Seo
Jay Davis,jay davis,,
,je beom park,박제범,Je-Beom Park
,je bin kim,김제빈,Je-Bin Kim
,je hwan yoo,제환유,Je Hwan-Yu
,je kuk ryu,류제국,Je-Kuk Ryu
,je mo yoo,유제모,Je-mo Yoo
,je wang shin,신제왕,Je-Wang Shin
,je woo lee,이제우,Je-Woo Lee
,je woo lim,임제우,Je-Woo Lim
,je yun park,박제윤,Je-Yun Park
,jea gul kim,김재걸,Jea-Gul Kim
Jea Jung Chang,jea jung jang,,
Jee-chan Lee,jee chan lee,,
Jee-Hoon Jo,jee hoon cho,,
Jee-kyu Park,jee kyu park,,
Jee Seung Jang,jee seung jang,,
Jeff Inglin,jeff inglin,,
,jeffrey inglin,잉글린,Jeffrey Inglin
Jeong Bin Kim,jeong bin kim,,
,jeong bin moon,문정빈,Jeong-Bin Moon
,jeong bin park,박정빈,Jeong-Bin Park
Jeong Gwang An,jeong gwang ahn,,
Jeong-gwon Cho,jeong gwon cho,,
,jeong gyun lim,임정균,Jeong-Gyun Lim
,jeong ho kim,김정호,Jeong-Ho Kim
Jeong Hoon Lee,jeong hoon lee,,
Jeong Hu Kim,jeong hu kim,,
Jeong-hu Pak,jeong hu park,,
Jeong-hun Pae,jeong hun bae,,
Jeong-Hun Paek,jeong hun baek,,
Jeong-hun Kim,jeong hun kim,,
,jeong hun park,박정훈,Jeong-Hun Park
,jeong hwan park,박정환,Jeong-Hwan Park
,jeong hwan shin,신정환,Jeong-Hwan Shin
Jeong-hyeon Kim,jeong hyeon kim,,
Jeong-hyeon Pak,jeong hyeon park,,
,jeong hyeop heo,허정협,Jeong-Hyeop Huh
Jeong-Kil Lee,jeong kil lee,,
Jeong-gyu Kim,jeong kyu kim,,
Jeong-min Chin,jeong min chin,,
,jeong min lee,이정민,Jeong-Min Lee
Jeong-myeon Lim,jeong myeon lim,,
Jeong-nam Kim,jeong nam kim,,
Jeong-o Jeong,jeong o jeong,,
Jeong-pil Chin,jeong pil chin,,
,jeong pil jin,진정필,Jeong-Pil Jin
,jeong seok jang,장정석,Jeong-Seok Jang
Jeong-soo Jo,jeong soo cho,,
Jeong Su Kim,jeong su kim,,
Jeong-sun Chang,jeong sun jang,,
Jeong-uk Ho,jeong uk heo,,
,jeong woo jeong,정정우,Jeong-Woo Jung
,jeong wook heo,허정욱,Jeong-Wook Heo
,jeong woong gye,계정웅,Jeong-Woong Gye
Jeong-yun Kim,jeong yun kim,,
,jesus alcantaras,타바레스,Jesús Rafael Tavárez Alcántaras
,jesus sanchez,산체스,Jesus Sanchez
Jesús Tavárez,jesus tavarez,,
,ji chan lee,이지찬,Ji-Chan Lee
Ji-chol Park,ji chol park,,
,ji chul park,박지철,Ji-Chul Park
Ji Gang Lee,ji gang lee,,
Ji Guang Choi,ji guang choi,,
,ji gwang choi,최지광,Ji-Gwang Choi
,ji han lim,임지한,Ji-Han Im
,ji han park,박지한,Ji-Han Park
,ji ho ha,하지호,Ji-Ho Ha
,ji ho kim,김지호,Ji-ho Kim
,ji hoon hong,홍지훈,Hong Ji-Hun
Ji Hoon Jang,ji hoon jang,,
,ji hoon lee,이지훈,Ji-Hoon Lee
,ji hoon lim,임지훈,Ji-hoon Lim
,ji hoon sung,성지훈,Ji-Hoon Sung
,ji hun cho,조지훈,Ji-Hun Cho
,ji hun kim,김지훈,Ji-Hun Kim
,ji hun kim,김지훈,Ji-hun Kim
,ji hwan seung,승지환,Ji-hwan Seung
,ji hwon yoo,유지훤,Ji-Hwon Yoo
Ji Hwuon Yoo,ji hwuon yoo,,
,ji hyeok lee,이지혁,Ji-Hyuk Lee
,ji hyeon kim,김지현,Ji-hyeon Kim
,ji kang lee,이지강,Ji-Kang Lee
,ji kyu park,박지규,Ji-Gyu Park
,ji min kim,김지민,Ji-min Kim
,ji seok kil,길지석,Ji-Seok Gil
Ji Seon Chae,ji seon chae,,
,ji seong kim,김지성,Ji-Seong Kim
,ji seung jang,장지승,Ji-Seung Jang
,ji won choi,최지원,Ji-Won Choi
,ji won lee,이지원,Ji-Won Lee
,ji woo lee,이지우,Ji-Woo Lee
,ji woon han,한지운,Ji-Woon Han
,ji woon hong,홍지운,Ji-Woon Hong
,ji woong choi,최지웅,Ji-woong Choi
,ji woong han,한지웅,Ji-Woong Han
,ji yong han,한지용,Ji-Yong Han
,ji yool yang,양지율,Ji-Yool Yang
,ji you lim,임지유,Ji-You Lim
Jimmy Serrano,jimmy serrano,,
,jin ahn,안진,Jin Ahn
,jin doo park,박진두,Jin-Doo Park
Jin-gyun Na,jin gyun na,,
,jin haeng choi,최진행,Jin-Haeng Choi
Jin Hang Choi,jin hang choi,,
,jin hee oh,오진희,Jin-Hee Oh
,jin heo,허진,jin Heo
,jin heok yang,양진혁,Jin-Heok Yang
,jin ho bae,배진호,Jin-Ho Bae
Jin-hyi Oh,jin hyi oh,,
,jin je moon,문진제,Jin-Je Moon
,jin jeong,정진,Jin Jeong
,jin keun ahn,안진근,Jin-Geun Ahn
,jin kyu sohn,손진규,Jin-Gyu son
,jin kyun na,나진균,Jin-Kyun Na
,jin kyung lee,이진경,Jin-Kyung Lee
,jin soo jeong,정진수,Jin-Soo Jeong
,jin su baek,백진수,Jin-Su Baek
,jin su park,박진수,Jin-Su Park
Jin-wong Kim,jin wong kim,,
,jin woo jeon,전진우,Jin-Woo Jeon
,jin woo yeom,염진우,Jin-Woo Yeom
,jin wook lee,이진욱,Jin-Wook Lee
,jin woong kim,김진웅,Jin-Woong Kim
Jo-ho Pyo,jo ho pyo,,
Jo Soo Kim,jo soo kim,,
Joe Strong,joe strong,,
Joe Wieland,joe wieland,,
,john martin,마틴,John Dale Martin
,johnathan williamson,윌리엄슨,Johnathan Mackensey Williamson
Jon Adkins,jon adkins,,
Jon Mae,jon mae,,
,jonathan adkins,애킨스,Jonathan Scott Adkins
,jong deok kim,김종덕,Jong-Deok Kim
Jong Deuk Kim,jong deuk kim,,
,jong gab kim,김종갑,Jong-Gab Kim
Jong-gap Kim,jong gap kim,,
Jong-gyeom Yu,jong gyeom yoo,,
,jong hae won,원종해,Jong-hae Won
,jong hun jeon,전종훈,Jong-Hun Jeon
,jong hun kim,김종훈,Jong-Hun Kim
,jong hwan kim,김종환,Jong-Hwan Kim
,jong hwi woo,우종휘,Jong-Hwi Woo
,jong hwi yoon,윤종휘,Jong-Hwi Yun
,jong hyeok won,원종혁,Jong-hyeok Won
,jong hyun choi,최종현,Jong-Hyun Choi
,jong jin jeong,정종진,Jong-Jin Jung
,jong jin kim,김종진,Jong-Jin Kim
Jong Ki Park,jong ki park,,
,jong kil jin,진종길,Jin Jong-Kil
,jong kyum yoo,유종겸,Jong-Kyum Yoo
,jong moon kim,김종문,Jong-Moon Kim
,jong nam kim,김정남,Jong-Nam Kim
,jong seob park,박종섭,Jong-Seop Park
,jong soo baek,백종수,Jong-Soo Baek
,jong wan lee,이종완,Jong-Wahn Lee
,jong woo kim,김종우,Jong-woo Kim
,jong wook park,박종욱,Jong-Wook Park
,joo eon park,박주언,Joo-Eon Park
,joo eun song,송주은,Ju-Eun Song
,joo hun kim,김주훈,Ju-hun Kim
,joo hwan kim,김주환,Ju-Hwan Kim
Ju Hyoung Lee,joo hyoung lee,,
,joo hyung lee,이주형,Ju-Hyung Lee
,joo hyung lee,이주형,Joo-Hyung Lee
Joo On Park,joo on park,,
,joo seob kim,김주섭,Joo-Sub Kim
Ju-seong Kim,joo seong kim,,
,joo won jeong,정주원,Ju-Won Jung
,joo won seo,서주원,Joo-Won Seo
,joo yeong song,송주영,Joo-Young Song
,joo yeop choi,최주엽,Ju-Yeop Choi
Joon Heo,joon heo,,
Joon-ho Jeon,joon ho jeon,,
Joon-Ho Lee,joon ho lee,,
,joon ho wi,위준호,Joon-Ho Wee
Joon Hyoung Kim,joon hyoung kim,,
,joon ki lee,이준기,June-Ki Lee
,joon pyung lee,이준평,Joon-Pyung Lee
Joon-soon Han,joon soon han,,
,joon woo kim,김준우,Joon-Woo Kim
,joon yeong ahn,안준영,Joon-Young An
,joon yeong kim,김준영,Joon-Young Kim
,joong seok lee,이중석,Lee Jung-Seok
Jorge Cantú,jorge cantu,,
,jorge guzman,칸투,Jorge Luís Cantú Guzmán
Jose Miguel Fernandez,jose miguel fernandez,,
,joseph strong,스트롱,Joseph Benjamin Strong
,joseph wieland,윌랜드,Joseph Andrew Wieland
Josh A. Smith,josh a. smith,,
Josh Bell,josh bell,,
Josh Lindblom,josh lindblom,,
Josh Stinson,josh stinson,,
,joshua bell,조쉬벨,Joshua Lee Josh Bell
,joshua lindblom,린드블럼,Joshua William Josh Lindblom
,joshua smith,스미스,Joshua Allen Smith
,joshua stinson,스틴슨,Joshua Randall Stinson
Julio De Paula,julio de paula,,
,julio depaula,데폴라,Julio Cesar DePaula
,jun ahn,안준,Jun An
,jun beom koo,구준범,Jun-Beom Koo
,jun beom lee,이준범,Jun-Beom Lee
,jun beom park,박준범,Jun-Beom Park
Jun Bum Koo,jun bum koo,,
Jun-Gwan Chang,jun gwan jang,,
,jun hee lee,이준희,Jun-Hee Lee
Jun Heok Huh,jun heok heo,,
,jun ho ok,옥준호,Jun-ho Ok
,jun ho park,박준호,Jun-Ho Park
,jun hyeok cho,조준혁,Jun-Hyuk Cho
,jun hyeok choi,최준혁,Jun-hyeok Choi
,jun hyeok lee,이준혁,Jun-Hyeok Lee
,jun hyeong ahn,안준형,Jun-Hyeong An
,jun hyeong lim,임준형,Jun-Hyeong Lim
Jun Hyeung Lim,jun hyeung lim,,
,jun hyoung kim,김준형,Jun-hyoung Kim
Jun Hyuck Park,jun hyuck park,,
,jun hyun kim,김준현,Jun-Hyun Kim
,jun hyung lee,이준형,Jun-Hyung Lee
,jun hyung lim,임준형,Jun-Hyung Lim
,jun kwan jang,장준관,Jun-Kwan Jang
,jun kyo seo,서준교,Jun-Kyo Seo
Jun Kyu Ryu,jun kyu ryu,,
,jun kyu yoo,유준규,Jun-Gyu Yu
,jun mo ahn,안준모,Jun-Mo An
,jun myung lee,이준명,Jun-Myung Lee
,jun pyo hong,홍준표,Jun-Pyo Hong
,jun sang kim,김준상,Jun-Sang Kim
,jun seo baek,백준서,Jun-seo Baek
,jun seo choi,최준서,Jun-seo Choi
,jun seo lee,이준서,Jun-Seo Lee
,jun seok choi,최준석,Jun-Seok Choi
,jun seok kim,김준석,Jun-Seok Kim
,jun sik choi,최준식,Jun-Sik Choi
,jun soo han,한준수,Jun-Soo Han
Jun-suk Choi,jun suk choi,,
,jun won kim,김준원,Jun-won Kim
,jun yeong cho,조준영,Jun-Young Cho
,jun yeong jang,장준영,Jun-Young Jang
,jun yong park,박준용,JUN-YONG PARK
,jung gil lee,이정길,Jung-Gil Lee
,jung gil ma,마정길,Jung-Gil Ma
Jung Heop Huh,jung heop heo,,
Jung Ho Lee,jung ho lee,,
,jung hoo kim,김정후,Jung-Hoo Kim
,jung hoo park,박정후,Jung-Hoo Park
,jung hoon ahn,안정훈,Jung-Hoon An
,jung hoon bae,배정훈,Jung-Hoon Bae
,jung hoon baek,백정훈,Jung-Hoon Baek
,jung hoon seo,서정훈,Jung-hoon Seo
Jung Hoon Son,jung hoon sohn,,
,jung hoon yoon,윤정훈,Jung-Hoon Yoon
,jung hun kim,김정훈,Jung-Hun Kim
,jung hun park,박정훈,Jung-hun Park
,jung hun sohn,손정훈,Jung-Hun Son
,jung hyun kim,김정현,Jung-Hyun Kim
,jung jae lee,이정재,Jung-Jae Lee
,jung joo kim,김정주,Jung-Joo Kim
Jung Jun Park,jung jun park,,
Jung Kil Ma,jung kil ma,,
,jung kwang ahn,안정광,Jung-Kwang An
,jung kwon cho,조정권,Jung-Kwon Cho
,jung kyu kim,김정규,Jung-Kyu Kim
,jung kyu park,박정규,Jung-Kyu Park
,jung min jin,진정민,Jung-Min Jin
,jung min yoo,유정민,Jung-Min Yoo
,jung myun lim,임정면,Jung-Myun Lim
,jung oh jeong,정정오,Jung-Oh Jung
Jung Soo Park,jung soo park,,
,jung soon jang,장정순,Jung-Soon Jang
,jung su cho,조정수,Jung-Su Cho
,jung su park,박정수,Jung-Su Park
Jung Suk Jang,jung suk jang,,
,jung tae choi,최정태,Jung-Tae Choi
,jung won lee,이정원,Jung-Won Lee
,jung woo lee,이정우,Jung-Woo Lee
,jung woo pang,방정우,Jung-Woo Bang
,jung yoon kim,김정윤,Jung-Yoon Kim
,jung yoon lee,이정윤,Jung-Yoon Lee
Justin Lehr,justin lehr,,
,kab yong jin,진갑용,Kab-Yong Jin
,kang chan yoon,윤강찬,Kang-Chan Yoon
,kang deuk byeon,변강득,Kang-Deuk Byun
,kang don lee,이강돈,Kang-Don Lee
,kang hee cho,조강희,Kang-Hee Cho
,kang hyeok ji,지강혁,Kang-Hyuk Ji
,kang hyeok lee,이강혁,Kang-Hyuk Lee
,kang hyun kim,김강현,Kang-Hyun Kim
,kang ik kim,김강익,Kang-Ik Kim
,kang rae kim,김강래,Kang-Rae Kim
,kang seo lee,이강서,Kang-Seo Lee
,kang woo park,박강우,Kang-Woo Park
,kang wook lee,이강욱,Kang-Wook Lee
Kap-yong Chin,kap yong chin,,
Karim García,karim garcia,,
Kazuhiko Shiotani,kazuhiko shiotani,,
Keith Mitchell,keith mitchell,,
Ken Ray,ken ray,,
,kenneth ray,레이,Kenneth Ray
,kenneth rayborn,레이번,Kenneth Rayborn
Kenny Rayborn,kenny rayborn,,
Keon Choi,keon choi,,
Keon Woo Kim,keon woo kim,,
Keon-Yeop Heo,keon yeop heo,,
,keong soo min,민경수,Keong-Soo Min
,keun ho kim,김근호,Keun-Ho Kim
,keun hyeok lee,이근혁,Geun-Hyeok Lee
,keun sang yoo,유근상,Geun-sang Yoo
,keun sig lee,이근식,Keun-Sig Lee
,keun woo lim,임근우,Geun-u Im
Geun Wook Lee,keun wook lee,,
,keun yeob lee,이근엽,Geun-Yeob Lee
Geun-yeop Lee,keun yeop lee,,
,kevin heon joo lee,이케빈,Kevin Heon-Ju Lee
Kevin Lee,kevin lee,,
,ki chang lee,이기창,Gi-chang Lee
,ki cheol park,박기철,Ki-Cheol Park
Gi-deok Kim,ki deok kim,,
,ki hwan park,박기환,Gi-Hwan Park
,ki hyeok park,박기혁,Ki-Hyeok Park
Ki-Hyeon Kim,ki hyeon kim,,
,ki hyo ahn,남기효,Gi-hyo Ahn
Ki Hyuck Park,ki hyuck park,,
Gi-hyun Yang,ki hyun yang,,
,ki joong lee,이기중,Ki-Joong Lee
,ki jun kim,김기준,Ki-Jun Kim
,ki moon,문기영,Kiyoung Moon
,ki nam kim,김기남,Gi-Nam Kim
,ki seok lee,이기석,Ki-Seok Lee
Ki Tai Kim,ki tai kim,,
,ki won han,한기원,Gi-Won Han
,ki yeong kwon,권기영,Ki-Young Kwon
Ki-young Moon,ki yeong moon,,
,ki yong lee,이기용,Ki-Yong Lee
Kil Hyoun Yun,kil hyoun yoon,,
Kil-sung Choi,kil sung choi,,
Kirk McCarty,kirk mccarty,,
,kirkland mccarty,맥카티,Kirkland Kirk McCarty
,koo hong song,송구홍,Koo-Hong Song
,kook heon jang,장국헌,Guk-Heon Jang
,ku beom jeong,정구범,Ku-Beom Jung
Ku Bum Jung,ku bum jeong,,
,kuk pil lee,이국필,Kuk-Pil Lee
,kun chul sung,성군철,Kun-Chul Sung
,kun noh lee,이군노,Kun-Noh Lee
,kun ok lee,이군옥,Kun-Ok Lee
,kun woo byeon,변건우,kun-woo Byun
Kun Woo Park,kun woo park,,
Kun Woo Park,kun woo park,,
,kwan hoi heo,허관회,Kwan-Hoi Heo
,kwan sik kang,강관식,Kwan-Sik Kang
,kwan woo kim,김관우,Kwan-Woo Kim
,kwang chun hong,홍광천,Kwang-Chun Hong
,kwang eun lee,이광은,Kwang-Eun Lee
,kwang gil lee,이광길,Kwang-Gil Lee
,kwang hee kim,김광희,Kwang-Hee Kim
Kwang Ho Chang,kwang ho jang,,
,kwang ho na,나광호,Kwang-Ho Na
,kwang hoe kang,강광회,Kwang-Hoe Kang
,kwang jun ahn,안광준,Kwang-Jun An
,kwang keun lee,이광근,Kwang-Geun Lee
Kwang Kil Lee,kwang kil lee,,
Kwang Kuen Lee,kwang kuen lee,,
,kwang kwon lee,이광권,Kwang-Kwon Lee
Kwang Lim Kim,kwang lim kim,,
,kwang muk choi,최광묵,Kwang-muk Choi
,kwang ok keum,금광옥,Kwang-Ok Geum
Kwang Un Jeong,kwang un jeong,,
,kwang woo kim,김광우,Kwang-Woo Kim
,kwang yeon kim,김광연,Kwang-Yeon Kim
,kwang yoon kim,김광윤,Kwang-Yoon Kim
,kwang yul park,박광율,Kwang-Yul Park
,kwon hee kwak,곽권희,Kwon-Hee Kwak
,kwon soo ahn,안권수,Kwon-Soo An
,kyeom jae kim,김겸재,Kyeom-jae Kim
Kyeong Chan Moon,kyeong chan moon,,
Kyeong Eon Kim,kyeong eon kim,,
,kyeong eun noh,노경은,Kyeong-Eun Noh
,kyeong hwan choi,최경환,Kyeong-Hwan Choi
Kyeong Kuk Yoo,kyeong kuk yoo,,
,kyeong min kim,김경민,Kyeong-Min Kim
,kyeong mo kim,김경모,Kyeong-Mo Kim
,kyeong mun kim,김경문,Kyeong-Mun Kim
,kyeong rok lee,이경록,Kyeong-Rok Lee
,kyeong sik choo,추경식,Kyeong-Sik Choo
,kyeong su park,박경수,Kyeong-Su Park
,kyeong taek cho,조경택,Kyeong-Taek Cho
,kyeong tak kim,김경탁,Kyeong-Tak Kim
,kyo sung jang,장교성,Kyo-Sung Jang
,kyong hoon lim,임경훈,Kyong-Hoon Lim
,kyoung ho sohn,손경호,Kyoung-Ho Son
,kyoung min shin,신경민,KYOUNG-MIN SHIN
,kyoung min yang,양경민,Kyoung-Min Yang
Kyoung Taek Cho,kyoung taek cho,,
,kyoung yeong yoon,윤경영,Kyoung-Young Yoon
Kyoung Youb Youm,kyoung youb yeom,,
,kyu bin shim,심규빈,Kyu-bin Sim
,kyu bo choi,최규보,Kyu-Bo Choi
Gyu-cheol Cho,kyu cheol cho,,
Gyu-cheol Kang,kyu cheol kang,,
,kyu chul cho,조규철,Kyu-Chul Cho
,kyu chul kang,강규철,Kyu-Chul Kang
,kyu ho na,나규호,Kyu-Ho Na
,kyu hyeon ahn,안규현,Gyu-Hyeon Ahn
Kyu Hyun An,kyu hyun ahn,,
Kyu Jae Cho,kyu jae cho,,
,kyu je cho,조규제,Kyu-Je Cho
,kyu min park,박규민,Kyu-Min Park
,kyu seok oh,오규석,Kyu-Seok Oh
,kyu seong ahn,안규성,Gyu-Seong Ahn
,kyu sik jeong,정규식,Gyu-Sik Jeong
,kyu soon choi,최규순,Gyu-Soon Choi
Kyun-Eun Noh,kyun eun noh,,
,kyung bin han,한경빈,Kyung-Bin Han
,kyung bok lee,이경복,Kyung-Bok Lee
Kyung Chul Choi,kyung chul choi,,
,kyung ha kim,김경하,Kyung-Ha Kim
,kyung ha woo,우경하,Kyung-Ha Woo
Kyung Hak Kang,kyung hak kang,,
,kyung heum yeon,연경흠,Kyung-Heum Yeon
,kyung ho lee,이경호,Kyung-Ho Lee
,kyung ho park,박경호,Kyung-Ho Park
,kyung ho shin,신경호,Kyung-Ho Shin
,kyung hoon choi,최경훈,Kyung-Hoon Choi
,kyung hoon jeong,정경훈,Kyung-Hoon Jung
,kyung hoon kim,김경훈,Kyung-Hoon Kim
,kyung hwan bae,배경환,Kyung-Hwan Bae
,kyung jae lee,이경재,Kyung-Jae Lee
,kyung jin kim,김경진,Kyung-Jin Kim
,kyung jin park,박경진,Kyung-Jin Park
,kyung kook yoo,유경국,Kyung-Guk Yoo
,kyung min cho,조경민,Kyung-Min Cho
,kyung min lee,이경민,Kyung-Min Lee
,kyung mo shin,신경모,Kyung-Mo Shin
Kyung Moon Kim,kyung moon kim,,
,kyung moon kwak,곽경문,Kyung-Moon Kwak
,kyung nam min,민경남,Kyung-Nam Min
,kyung neon kim,김경년,Kyung-Neon Kim
Kyung Oan Park,kyung oan park,,
,kyung pil lee,이경필,Kyung-Pil Lee
,kyung pyo kim,김경표,Kyung-pyo Kim
,kyung pyo ko,고경표,Kyung-Pyo Ko
,kyung sam min,민경삼,Kyung-Sam Min
,kyung seon kim,김경선,Kyung-Seon Kim
,kyung sik yang,양경식,Kyung-Sik Yang
,kyung soo kim,김경수,Kyung-Soo Kim
Kyung Su Park,kyung su park,,
,kyung tae lee,이경태,Kyung-Tae Lee
,kyung taek lim,임경택,Kyung-Taek Im
Kyung-un Jeong,kyung un jeong,,
,kyung up joo,주경업,Kyung-Up Joo
,kyung wan park,박경완,Kyung-Wahn Park
,kyung won cho,조경원,Kyung-Won Cho
,kyung won kim,김경원,Kyung-Won Kim
,kyung won lee,이경원,Kyung-Won Lee
,kyung woo jin,경우진,Kyung Woo-jin
,kyung woon jeong,정경운,Kyung-Woon Jung
Len Picota,len picota,,
,lenin picota,피코타,Lenin Alberto Picota
Les Walrond,les walrond,,
,leslie walrond,왈론드,Leslie Dale Walrond
,lewis richie,리치,Lewis Richie
Lo-han Kang,lo han kang,,
Logan Verrett,logan verrett,,
Lou Collier,lou collier,,
,louis collier,클리어,Louis Keith Collier
Luis Andújar,luis andujar,,
Luis de los Santos,luis de los santos,,
,luis martinez,산토스,Luis Manuel de los Santos Martinez
,luis sanchez,루이스,Luis Andújar Sánchez
Mac Williamson,mac williamson,,
,mae seong kang,강매성,Mae-Seong Kang
,martin janzen,젠슨,Martin Janzen
Marty Janzen,marty janzen,,
Matt Davidson,matt davidson,,
Matt Watson,matt watson,,
,matthew davidson,데이비슨,Matthew Glen Davidson
,matthew watson,왓슨,Matthew Kyle Watson
Mel Rojas,mel rojas,,
Melqui Torres,melqui torres,,
,melquicedec torres,토레스,Melquicedec Torres
Meong-man Kim,meong man kim,,
Mi R Jeon,mi r jeon,,
,mi reu jeon,전미르,Mi-Reu Jeon
Micah Bowie,micah bowie,,
,michael anderson,앤더슨,Michael Anderson
,michael baek,백미카엘,Michael Baek
,michael busch,부시,Michael Busch
,michael callaway,캘러웨이,Michael Christopher Mickey Callaway
,michael fyhrie,피어리,Michael Edwin Fyhrie
,michael garcia,가르시아,Michael Garcia
,michael guilfoyle,길포일,Michael Guilfoyle
,michael montgomery,몽고메리,Michael Paul Mike Montgomery
,michael romano,로마노,Michael Romano
,michael serveneck,서브넥,Michael Serveneck
Mickey Callaway,mickey callaway,,
Mike Anderson,mike anderson,,
Mike Busch,mike busch,,
Mike Cervenak,mike cervenak,,
Mike Fyhrie,mike fyhrie,,
Mike Garcia,mike garcia,,
Mike Guilfoyle,mike guilfoyle,,
Mike Montgomery,mike montgomery,,
Mike Romano,mike romano,,
Mike Wright Jr.,mike wright jr.,,
,min cheol oh,오민철,Min-Cheol Oh
,min cheol shin,신민철,Min-Cheol Shin
Min Gwan Bae,min gwan bae,,
,min gyeum kim,김민겸,Min-Gyeum Kim
,min gyun kang,강민균,Min-Gyun Kang
,min han,한민우,Han Minwoo
,min ho kong,공민호,Min-Ho Gong
,min ho kwak,곽민호,Min-Ho Kwak
,min ho yoon,윤민호,Min-ho Yoon
,min hyeok heo,허민혁,Min-Hyuk Heo
,min hyeok lee,이민혁,Min-Hyeok Lee
Min Hyuck Kim,min hyuck kim,,
,min jae jang,장민재,Min-Jae Jang
Min Je Jang,min je jang,,
,min je kang,강민제,Min-je Kang
,min jeong park,박민정,Min-Jeong Park
,min joon kim,김민준,Min-Joon Kim
,min kang,강민,Min Kang
Min-guk Song,min kook song,,
,min kook sung,성민국,Min-Guk Sung
,min kuk choi,최민국,Min-Kuk Choi
,min kwan bae,배민관,Min-Kwan Bae
,min kyu baek,백민규,Min-Gyu Baek
,min kyun kim,김민균,Min-kyun Kim
,min seob choi,최민섭,Min-seop Choi
,min seob kim,김민섭,Min-seop Kim
,min seob yoon,윤민섭,Min-Seob Yoon
,min seok yoon,윤민석,Min-seok Yoon
,min seong jeong,정민성,MIN-SEONG JEONG
,min seong kang,강민성,Min-Seong Kang
,min soo kang,강민수,Min-Soo Kang
,min suk lee,이민석,Min-Suk Lee
,min sung ki,기민성,Min-Sung Ki
Min-uk Seo,min uk seo,,
,min woo jeong,정민우,Min-Woo Jung
,min wook kim,김민욱,Min-Wook Kim
,min wook seo,서민욱,Min-Wook Seo
,min yoo,유민,Min Yoo
Minoru Tanaka,minoru tanaka,,
,moo bin kim,김무빈,Moo-bin Kim
Moo Gwan Kim,moo gwan kim,,
,moo sung cho,조무성,Moo-Sung Cho
,moo sung kim,김무성,Moo-Sung Kim
,moo sung kim,김무성,Moo-sung Kim
,moo won hong,홍무원,Moo-Won Hong
,moon hee kim,김문희,Moon-Hee Kim
,moon hong kim,김문홍,Moon-Hong Kim
,moon hyun oh,오문현,Moon-Hyun Oh
,moon keun jeong,정문근,Moon-Geun Jung
Mototomi Yoshimura,mototomi yoshimura,,
Moung Chan Kim,moung chan kim,,
,mu kwan kim,김무관,Mu-Kwan Kim
Mu-seong Kim,mu seong kim,,
Mu-seong Kim,mu seong kim,,
Mun-hyeon Oh,mun hyeon oh,,
Mun-hyi Kim,mun hyi kim,,
,mun su kim,김문수,Mun-Su Kim
,myeong chan kim,김명찬,Myeong-Chan Kim
,myeong cheol kwon,권명철,Myeong-Cheol Kwon
,myeong cheol shin,신명철,Myeong-Cheol Shin
Myeong-cheol Song,myeong cheol song,,
Myeong-gu Kim,myeong gu kim,,
,myeong hwan koo,구명환,Myeong-Hwan Gu
Myeong Hyeon Park,myeong hyeon park,,
,myeong jae kim,김명제,Myeong-Jae Kim
Myeong-je Kim,myeong je kim,,
Myeong Jin Cha,myeong jin cha,,
,myeong jun kang,강명준,Myeong-Jun Kang
,myeong jun yoon,윤명준,Myeong-Jun Yoon
,myeong ki lee,이명기,Myeong-Ki Lee
,myeong kyung choi,최명경,Myeong-Kyung Choi
Myeong-nok Oh,myeong nok oh,,
,myeong seo kim,김명서,Myeong-Seo Kim
Myeong-seon Yu,myeong seon yoo,,
Myeong-seong An,myeong seong ahn,,
Myeong Seong Ji,myeong seong ji,,
,myeong seung shin,신명승,Myeong-Seung Shin
Myeong-un Pak,myeong un park,,
Myeong-yun Han,myeong yun han,,
,myeoung jin cha,차명진,Myeoung-Jin Cha
Myong Kyong Choi,myong kyong choi,,
,myong soo lee,이명수,Myong-Soo Lee
Myung Chul Kwon,myung chul kwon,,
Myung Chul Shin,myung chul shin,,
,myung chul song,송명철,Myung-Chul Song
,myung gu kim,김명구,Myung-Gu Kim
,myung hyun park,박명현,Myung-Hyun Park
Myung June Yoon,myung joon yoon,,
,myung rok oh,오명록,Myung-Rok Oh
,myung seok cha,차명석,Myung-Seok Cha
Myung Soo Lee,myung soo lee,,
,myung soo shin,신명수,Myung-Soo Shin
Myung Suk Cha,myung suk cha,,
,myung sun yoo,유명선,Myung-Sun Yoo
,myung sung ahn,안명성,Myung-Sung An
,myung sung ji,지명성,Myung-Sung Ji
,myung woom park,박명운,Myung-Woom Park
,myung yoon han,한명윤,Myung-Yoon Han
Myuong Ki Lee,myuong ki lee,,
,na hyun lee,이나현,Na-Hyun Lee
,na on kil,길나온,Na-On Gil
Nak-soo Song,nak soo song,,
,nak soo sung,성낙수,Nak-Soo Sung
,nam gil kim,김남길,Nam-gil Kim
,nam won baek,백남원,Nam-Won Baek
No-byeong Lim,no byeong lim,,
No-min Park,no min park,,
,noh byung lim,임노병,Noh-Byung Im
,noh min park,박노민,Noh-Min Park
,nok won kim,김녹원,Nok-Won Kim
Nyeok Kim,nyeok kim,,
O-hyeon Kwon,o hyeon kwon,,
O-jong Han,o jong han,,
,oh hyun kwon,권오현,Oh-Hyun Kwon
,oh jong han,한오종,Oh-Jong Han
,ohkamoto sinya,오카모토,OhKamoto SinYa
,oneli garcia,오넬리,Oneli M. Pérez Garcia
Oneli Perez,oneli perez,,
,parker markel,마켈,Parker Markel
Pat Dean,pat dean,,
,patrick dean,팻딘,Patrick Michael Dean
Phil Dumatrait,phil dumatrait,,
,philip dumatrait,더마트레,Philip Anthony Dumatrait
,pil sun hwang,황필선,Pil-Sun Hwang
,poong chul kim,김풍철,Poong-Chul Kim
Pung-cheol Kim,pung cheol kim,,
,pyo seung kim,김표승,Pyo-Seung Kim
Pyoung Ho Kim,pyoung ho kim,,
,pyung ho kim,김평호,Pyung-Ho Kim
Ray Choi,ray choi,,
Ray Davis,ray davis,,
,raymond davis,레이,Raymond Davis
,rian kim,김리안,Rian Kim
,ricardo rodriguez,로드리게스,Ricardo Rodriguez
,richard bauer,바우어,Richard Edward Bauer
Richie Lewis,richie lewis,,
Rick Bauer,rick bauer,,
,rick hurk,밴덴헐크,Rick VandenHurk
Rick van den Hurk,rick van den hurk,,
,ro han kang,강로한,Ro-Han Kang
,ro kyeol yoo,유로결,Ro-Kyeol Yoo
Robert Pérez,robert perez,,
,roberto diaz,메히아,Roberto Antonio Mejía Díaz
Roberto Mejía,roberto mejia,,
,roberto perez,페레즈,Roberto Perez
Roberto Ramos,roberto ramos,,
,roberto vallesteros,라모스,Roberto Ramos Vallesteros
,rodrigo takahashi,다카하시,Rodrigo Hitoshi Bo Takahashi
Ron Chiavacci,ron chiavacci,,
,ronald chiavacci,차바치,Ronald Chiavacci
,roo jeon,전루건,Jun Rugun
Sa Min Chun,sa min cheon,,
,sa min jeon,전사민,Sa-Min Jeon
,sa yun kim,김사윤,Sa-Yun Kim
Sae-Eop Lim,sae eop lim,,
,sae ho lee,이세호,Sae-Ho Lee
Sam Gaviglio,sam gaviglio,,
,samuel gaviglio,가빌리오,Samuel Joseph Gaviglio
San-gil Park,san gil park,,
,san kang,강산,San Kang
Sang Back Um,sang back eom,,
,sang baek eom,엄상백,Sang-baek Eom
Sang Bin Yoo,sang bin yoo,,
Sang-bong Chin,sang bong chin,,
,sang bong jin,진상봉,Sang-Bong Jin
Sang-Gyo Chung,sang gyo jeong,,
,sang ho bae,배상호,Sang-Ho Bae
,sang hoon won,원상훈,Sang-Hoon Won
,sang hu park,박상후,Sang-Hu Park
,sang hwa yoo,유상화,Sang-Hwa Yoo
,sang hyeok noh,노상혁,Sang-Hyuk Noh
Sang-Hyeon Lee,sang hyeon lee,,
Sang-hyeon Lee,sang hyeon lee,,
Sang-hyeon Pak,sang hyeon park,,
,sang hyun bae,배상현,Sang-Hyun Bae
,sang il han,한상일,Sang-Il Han
,sang il park,박상일,Sang-Il Park
,sang jun chae,채상준,Sang-Jun Chae
,sang jun lee,이상준,Sang-jun Lee
,sang jun park,박상준,Sang-Jun Park
,sang kyo jeong,정상교,Sang-Kyo Jeong
,sang pin yoo,유상빈,Hsiang-Pin Liu
,sang rok kim,김상록,Sang-Rok Kim
Sang Ryul Chun,sang ryul cheon,,
Sang-uk Cha,sang uk cha,,
Sang-uk Oh,sang uk oh,,
,sang ung cheon,천상웅,Sang-Ung Cheon
Sang-wan Choo,sang wan choo,,
,sang wan chu,추상완,Sang-Wahn Chu
,sang won yoon,윤상원,Sang-won Yoon
,sang wook cha,차상욱,Sang-Wook Cha
,sang wook oh,오상욱,Sang-Wook Oh
,sang yeol lee,이상열,Sang-Yeol Lee
,sang yeol park,박상열,Sang-Yeol Park
,sang yeon lee,이상연,Sang-Yeon Lee
,sang yeop oh,오상엽,Sang-Yeop Oh
,sang yoon lee,이상윤,Sang-Yoon Lee
Sang Youl Lee,sang youl lee,,
Sang Youl Park,sang youl park,,
Sang-yun Lee,sang yun lee,,
,sangr yul  jeon,전상렬,Sangr-Yul  Jeon
,scott slyke,반슬라이크,Scott T. Van Slyke
Scott Van Slyke,scott van slyke,,
,scott verrett,베렛,Scott Logan Verrett
,se eop lim,임세업,Se-Eop Lim
,se hoon yoon,윤세훈,Se-Hoon Yoon
,se hun oh,오세훈,Se-Hun OH
,se hyeok park,박세혁,Se-Hyuk Park
,se jik park,박세직,Se-Jik Park
,se jong bae,배세종,Se-Jong Bae
,se min oh,오세민,Se-Min Oh
,se wan hong,홍세완,Se-Wahn Hong
,se won na,나세원,Se-Won Na
Se Wong Park,se wong park,,
,se woong baek,백세웅,Se-woong Baek
Sei Hyok Park,sei hyok park,,
,seo gu han,한서구,Seo-Gu Han
,seo jin kim,김서진,Seo-Jin Kim
,seo jun park,박세준,Seo-Jun Park
,seo jun park,박서준,Seo-Jun Park
Seo Owan Hong,seo owan hong,,
,seog hwan yoon,윤석환,Seog-Hwan Yun
Seog-gi No,seog ki noh,,
,seog kyu lee,이석규,Seog-Kyu Lee
Seok-gwon Yun,seok gwon yoon,,
,seok hee jang,장석희,Seok-Hee Jang
,seok hoon kim,김석훈,Seok-Hoon Kim
Seok-hwan Yun,seok hwan yoon,,
,seok hyeon kang,강석현,Seok-hyeon Kang
Seok-hyi Chang,seok hyi jang,,
,seok hyun han,한석현,Seok-Hyun Han
,seok jae lee,이석재,Seok-Jae Lee
,seok je lee,이석제,Seok-Je Lee
,seok jin noh,노석진,Seok-jin Noh
,seok jong moon,문석종,Seok-jong Moon
,seok ki noh,노석기,Seok-Gi Noh
,seok ki shin,신석기,Seok-Gi Shin
,seok kwon yoon,윤석권,Seok-Kwon Yoon
Seok-gyu Lee,seok kyu lee,,
,seok min yoon,윤석민,Seok-Min Yoon
,seon dong kim,김선동,Seon-dong Kim
Seon-du Jeong,seon du jeong,,
Seon-hun Kim,seon hun kim,,
,seon ki baek,백선기,Seon-Ki Baek
Seon-ung Lee,seon ung lee,,
,seon woo lee,이선우,Seon-Woo Lee
Seong Bhin Park,seong bhin park,,
,seong bin sohn,손성빈,Seong-Bin Son
,seong bin yoon,윤성빈,Seong-Bin Yoon
,seong bo yoon,윤성보,Seong-bo Yun
Seong-cheol Jun,seong cheol jeon,,
Seong-cheol Kim,seong cheol kim,,
Seong-cheol Shin,seong cheol shin,,
Seong-geon Choo,seong geon choo,,
,seong gil yoon,윤성길,Seong-Gil Yoon
Seong-gwan Hwang,seong gwan hwang,,
Seong-gwan Kim,seong gwan kim,,
Seong-gyun Kim,seong gyun kim,,
,seong hak lim,임성학,Seong-Hak Lim
,seong heun hong,홍성흔,Seong-Heun Hong
,seong hoon lee,이성훈,Seong-Hoon Lee
,seong hun cho,조성훈,Seong-Hun Cho
Seong-hun Pak,seong hun park,,
,seong hun song,송성훈,Seong-Hun Song
Seong-hun Yun,seong hun yoon,,
,seong hwan park,박성환,Seong-Hwan Park
,seong hyeon cho,조성현,Jo Sung-Hyeon
Seong-hyeon Kim,seong hyeon kim,,
Seong-hyeon Pak,seong hyeon park,,
Seong-hyun Son,seong hyun sohn,,
Seong-jae Kim,seong jae kim,,
,seong jae yang,양성제,Seong-Jae Yang
Seong-je Yang,seong je yang,,
,seong joo lee,이성주,Seong-Ju Lee
,seong joo maeng,맹성주,Seong-ju Maeng
Seong-jun Kim,seong jun kim,,
Seong-jun Kim,seong jun kim,,
,seong jun lim,임성준,Seong-Jun Im
,seong jun park,박성준,Seong-Jun Park
,seong jun park,박성준,Seong-jun Park
,seong jun won,원성준,Seong-jun Won
Seong-Kap Hong,seong kap hong,,
,seong kon kim,김승권,Seong-Kon Kim
Seong-gyu Chi,seong kyu ji,,
,seong kyun kim,김성균,Seong-kyun Kim
Seong-min Chi,seong min ji,,
,seong min ko,고성민,Seong-Min Ko
,seong min lee,이성민,Seong-Min Lee
,seong min park,박성민,Seong-Min Park
,seong mu ahn,안성무,Seong-Mu Ahn
Seong Pin Yoon,seong pin yoon,,
,seong won lee,이성원,Seong-Won Lee
,seong woo cho,조성우,Seong-u Jo
,seong woo choo,추승우,Seong-Woo Choo
Seong Woo Kang,seong woo kang,,
,seong woo ko,고성우,Seong-Woo Ko
,seong woo min,민성우,Seong-Woo Min
,seong woong hwang,황성웅,Hwang Sung-woong
,seong yong moon,문성용,Seong-Yong Moon
Seoung Bin Son,seoung bin sohn,,
Seoung Jae Park,seoung jae park,,
,seung bin joo,주승빈,Seung-Bin Joo
,seung cheol yeo,여승철,Yeo Seung-cheol
,seung eon lee,이승언,Seung-eon Lee
Seung-geon Baek,seung geon baek,,
Seung-Gwon Kim,seung gwon kim,,
,seung hee lee,이승희,Seung-Hee Lee
,seung hoi kim,김승회,Seung-Hoi Kim
,seung hoo kim,김승후,Seung-Hoo Kim
,seung hoon choi,최승훈,Seung-hoon Choi
,seung hoon kang,강승훈,Seung-Hoon Kang
,seung hoon lee,이승훈,Seung-Hoon Lee
Seung-Hwa Lee,seung hwa lee,,
,seung hwan oh,오승환,Seung-Hwan Oh
Seung Hye Kim,seung hye kim,,
,seung hyeon lee,이승현,Seung-hyeon Lee
,seung hyeon noh,노승현,Seung-Hyeon Noh
,seung hyeon shin,신승현,Seung-Hyeon Shin
Seung-hyi Lee,seung hyi lee,,
Seung Hyoun Sin,seung hyoun shin,,
,seung hyun sohn,손승현,Seung-Hyun Son
,seung jin moon,문승진,Seung-jin Moon
,seung joo choi,최승주,Seung-Ju Choi
,seung jun kim,김승준,Seung-Jun Kim
,seung jun song,송승준,Seung-Jun Song
,seung keon baek,백승건,Seung-Keon Baek
,seung ki min,민승기,Seung-Gi Min
,seung lak sohn,손승락,Seung-Lak Son
,seung min choo,추승민,Seung-Min Choo
,seung min ji,지승민,Seung-Min Ji
,seung park,박승훈,Park Seunghoon
Seung-rak Son,seung rak sohn,,
,seung ryong yoo,유승룡,Seung-ryong Yoo
Seung Song,seung song,,
,seung taek oh,오승택,Seung-Taek Oh
Seung-Uk No,seung uk noh,,
,seung wan ko,고승완,Seung-wan Ko
,seung wan park,박승완,Seung-Wahn Park
,seung won hong,홍승원,Seung-Won Hong
,seung won woo,우승원,Seung-Won Woo
Seung Woo Choo,seung woo choo,,
,seung woo jeon,전승우,Seung-woo Jeon
,seung woo park,박승우,Seung-Woo Park
,seung wook noh,노승욱,Seung-Wook Noh
,seung yeol yoon,윤승열,Seung-Yeol Yoon
,seung yeon han,한승연,Seung-Yeon Han
Seung-Yeop Lee,seung yeop lee,,
,seung yeop na,나승엽,Seung-Yeop Na
Seung Yeup Na,seung yeup na,,
,seung yoon oh,오승윤,Seung-Yoon Oh
,seungchul yang,양승철,Seungchul Yang
Seunghwan Oh,seunghwan oh,,
,shin ho lim,임신호,Shin--ho Lim
,shin hoe kim,김신회,Shin-Hoe Kim
Shin-jee Park,shin jee park,,
,shin ji park,박신지,Shin-Ji Park
Shingo Takatsu,shingo takatsu,,
Shinya Okamoto,shinya okamoto,,
,shiotani kazuhiko,시오타니,Shiotani Kazuhiko
,si ha jang,장시하,Si-Ha Jang
,si heon seong,성시헌,Si-Heon Seong
,si hyeok choi,최시혁,Si-Hyuk Choi
,si hyeon jang,장시현,Si-Hyeon Jang
,si on kim,김시온,Si-On Kim
,si park,박시온,Park Sion
,si wan kim,김시완,Si-Wahn Kim
,si won lee,이시원,Si-Won Lee
,si woo kim,김시우,Si-Woo Kim
,si yeong byeon,변시영,Si-Yeong Byun
,si yun park,박시윤,Si-Yun Park
,sil kim,김실,Sil Kim
So-Gyeong So,so gyeong so,,
,so joon park,박소준,So-Joon Park
,so kyung so,소소경,So-Kyung So
,son won,손호원,Son Ho Won
,song chan lee,이송찬,Song-Chan Lee
Soo-gwan Kim,soo gwan kim,,
,soo gwang noh,노수광,Soo-Gwang Noh
,soo ho choi,최수호,Soo-Ho Choi
Soo-hyi Pae,soo hyi bae,,
,soo hyun park,박수현,Soo-Hyun Park
,soo kwan kim,김수관,Soo-Kwan Kim
Soo Kwang Ro,soo kwang noh,,
Soo-Sung Kang,soo sung kang,,
Soo-Yeon Kim,soo yeon kim,,
,soon chul lee,이순철,Soon-Chul Lee
,soon myung jeong,정순명,Soon-Myung Jung
Soung Hun Kim,soung hun kim,,
Stoney Briggs,stoney briggs,,
,su bin choi,최수빈,Su-bin Choi
,su bin kong,공수빈,Su-Bin Gong
,su hui bae,배수희,Su-Hui Bae
,su in kim,김수인,Su-In Kim
,su yeoun kim,김수연,Su-Yeoun Kim
,su yong park,박수용,Su-Yong Park
,su yun kim,김수윤,Su-Yun Kim
,suck jin lim,임석진,Suck-Jin Lim
,sugar marimon,마리몬,Sugar Ray Marimon
Sugar Ray Marimón,sugar ray marimon,,
Suk Hyun Han,suk hyun han,,
Suk Jin Im,suk jin lim,,
,suk oh,오석,Suk OH
Sun-cheol Lee,sun cheol lee,,
,sun doo jeong,정선두,Sun-Doo Jung
Sun-Gwon Cho,sun gwon cho,,
,sun hoon kim,김선훈,Sun-Hoon Kim
,sun kwon cho,조순권,Sun-Kwon Cho
Sun-myeong Jeong,sun myeong jeong,,
,sun myung cho,조선명,Sun-Myung Cho
,sun woong lee,이선웅,Sun-Woong Lee
,sung beom na,나성범,Sung-Beom Na
,sung bok lee,이성복,Sung-Bok Lee
Sung Bum Na,sung bum na,,
Sung-cheol Chung,sung cheol jeong,,
,sung chul jeon,전성철,Sung-Chul Jeon
,sung chul jeong,정성철,Sung-Chul Jung
,sung chul kim,김성철,Sung-Chul Kim
,sung chul shin,신성철,Sung-chul Shin
,sung gab hong,홍성갑,Sung-Gab Hong
,sung geon chu,추성건,Sung-Geon Chu
Sung-Goo Han,sung goo han,,
,sung gu han,한성구,Sung-Gu Han
,sung han kim,김성한,Sung-Han Kim
Sung Heon Hong,sung heon hong,,
Sung Ho No,sung ho noh,,
,sung ho shin,신성호,Sung-Ho Shin
,sung hoon jeong,정성훈,Sung-Hoon Jung
,sung hoon kim,김성훈,Sung-Hoon Kim
,sung hoon yoon,윤성훈,Sung-Hoon Yoon
Sung Hun Cho,sung hun cho,,
,sung hyun park,박성현,Sung-Hyun Park
,sung hyup kim,김성협,Sung-Hyup Kim
,sung jae park,박성재,Sung-Jae Park
,sung jin ha,하성진,Sung-Jin Ha
Sung Jin Kim,sung jin kim,,
Sung-Joon Kim,sung joon kim,,
Sung-joon Park,sung joon park,,
,sung jun kim,김성준,Sung-Jun Kim
,sung jun kwon,권성준,Sung-Jun Kwon
Sung Jun Won,sung jun won,,
Sung Ki Jung,sung ki jeong,,
,sung kwan hwang,황성관,Sung-Kwan Hwang
,sung kwan kim,김성관,Sung-Kwan Kim
,sung kyeung kim,김성경,SUNG-KYEUNG KIM
,sung kyu ji,지성규,Sung-Kyu Ji
,sung kyun kim,김성균,Sung-Kyun Kim
,sung min jeong,정성민,Sung-Min Jeong
,sung min kim,김성민,Sung-Min Kim
,sung min oh,오성민,Sung-Min Oh
,sung moon song,송성문,Sung-Moon Song
Sung Mou An,sung mou ahn,,
Sung Mun Song,sung mun song,,
,sung pil ahn,안성필,Sung-Pil An
Sung Tae Kim,sung tae kim,,
,sung taek kim,김성택,Sung-Taek Kim
,sung woo park,박성우,Sung-Woo Park
,sung woong park,박성웅,Sung-Woong Park
,sung yeol lee,이성열,Sung-Yeol Lee
Sung Yul Lee,sung yul lee,,
,tae gu kim,김태구,Tae-Gu Kim
Tae-gun Kim,tae gun kim,,
,tae gyeom lee,이태겸,Tae-Gyeom Lee
Tae Gyeong Kang,tae gyeong kang,,
Tae-gyun Han,tae gyun han,,
,tae heon kim,김태현,Tae-Heon Kim
,tae ho eom,엄태호,Eom Tae-ho
,tae ho kim,김태호,Tae-ho Kim
,tae ho yoon,윤태호,Tae-Ho Yoon
Tae-hyon Chung,tae hyon jeong,,
Tae Hyoung Kim,tae hyoung kim,,
Tae Hyoung Kim,tae hyoung kim,,
Tae Hyun Kim,tae hyun kim,,
,tae hyung kim,김태형,Tae-Hyung Kim
,tae jin cho,조태진,Tae-Jin Cho
,tae joon jeon,전태준,Tae-Joon Jeon
,tae joong shin,신태중,Tae-Joong Shin
Tae-jun Shin,tae jun shin,,
,tae kun kim,김태군,Tae-Kun Kim
,tae kyeong eom,엄태경,Eom Tae-Kyoung
,tae kyu lee,이태규,Tae-Gyu Lee
,tae kyun han,한태균,Tae-Kyun Han
,tae kyung ahn,안태경,Tae-Kyung An
,tae kyung kang,강태경,Tae-Kyung Kang
Tae Lyong Kim,tae lyong kim,,
Tae O Kim,tae o kim,,
,tae oh kim,김태오,Tae-Oh Kim
,tae oh lee,이태오,Tae-Oh Lee
,tae ryong kim,김태룡,Tae-Ryong Kim
,tae sun oh,오태선,Tae-Sun Oh
,tae sung choi,최태성,Tae-sung Choi
Tae-ung Pak,tae ung park,,
,tae wan kang,강태완,Tae-wan Kang
,tae wan park,박태완,Tae-wan Park
,tae won park,박태원,Park Tae-Won
,tae woon kim,김태윤,Tae-Woon Kim
,tae woong park,박태웅,Tae-Woong Park
Tae Yean Kim,tae yean kim,,
,tae yeon kim,김태연,Tae-Yeon Kim
,tae yeon lee,이태연,Tae-Yeon Lee
,tae yeoung kim,김태영,Tae-Yeoung Kim
,tae yoon lim,임태윤,Tae-Yoon Lim
Tae Youn Lee,tae youn lee,,
,tae yun kim,김태윤,Tae-yun Kim
,taek hyeong kwon,권택형,Taek-hyeong Kwon
,taek woo kim,김택우,Taek-Woo Kim
,tai gon kil,길태곤,Tai-Gon Gil
,takatsu shingo,다카쓰,Takatsu Shingo
,thomas joseph,조셉,Thomas Richard Joseph
Thomas Pannone,thomas pannone,,
,thomas quinlan,퀸란,Thomas Quinlan
Tilson Brito,tilson brito,,
,tilson jimenez,브리또,Tilson Manuel Brito Jiménez
Tim Adleman,tim adleman,,
,timothy adleman,아델만,Timothy Max Adleman
,timothy butler,버틀러,Timothy Edward Butler
Tom Quinlan,tom quinlan,,
Tommy Joseph,tommy joseph,,
Tong Keon Yeo,tong keon yeo,,
Ty Woods,ty woods,,
,tyrone woods,우즈,Tyrone Woods
Ui Jeon,ui jeon,,
Ui-ji Yang,ui ji yang,,
,ui joon seong,성의준,Ui-joon Seong
,ui jun hwang,황의준,Ui-Jun Hwang
,ui san jeon,전의산,Ui-San Jeon
,ui seo moon,문의서,Ui-Seo Moon
Ui-sik Kong,ui sik kong,,
,um pyungjae,엄평재,Um Pyungjae
Un Ho,un heo,,
,un ho jang,장운호,Un-ho Jang
Un Hyun Noh,un hyun noh,,
Ung Na,ung na,,
,vincent rottino,로티노,Vincent Antonio Rottino
Vinny Rottino,vinny rottino,,
Walker Lockett,walker lockett,,
Wang-gwon Seo,wang gwon seo,,
,wang jung baek,백왕중,Wang-jung Baek
Wang-Gi Lee,wang ki lee,,
,wang kwon seo,서왕권,Wang-Kwon Seo
Wes Obermueller,wes obermueller,,
,wes obermuller,오버뮬러,Wes Obermuller
Whoi Yul Jeong,whoi yul jeong,,
Wil Crowe,wil crowe,,
Will Craig,will craig,,
,william briggs,브릭스,William Stoney Briggs
,william craig,크레익,William Isaac Craig
,william crowe,크로우,William Chandler Crowe
William Cuevas,william cuevas,,
,william mcguire,맥과이어,William Deck McGuire
,william osorio,쿠에바스,William Enrique Cuevas Osorio
Wilmer Font,wilmer font,,
,wilmer gomez,폰트,Wilmer Font Gomez
,won bin hong,홍원빈,Won-bin Hong
,won bin lee,이원빈,Won-Bin Lee
,won boo ko,고원부,Won-Bu Ko
,won chae,채원후,Chae Wonhu
,won hee lee,이원희,Won-Hee Lee
,won ho jang,장원호,Won-Ho Jang
Won-hyi Lee,won hyi lee,,
,won jae shin,신원재,Won-Jae Shin
Won Jai Lee,won jai lee,,
,won je choi,최원제,Won-Je Choi
Won Jei Choi,won jei choi,,
,won jin kang,강원진,Won-Jin Kang
Won Joon Choi,won joon choi,,
,won keun kim,김원근,Won-Geun Kim
,won kyung kim,김원경,Won-kyung Kim
,won moon,문원,Won Moon
,won seok cheon,천원석,Won-Seok Cheon
Wong-geun Kim,wong keun kim,,
,woo hyeok choi,최우혁,Woo-Hyuk Choi
,woo hyun lee,이우현,Woo-hyun Lee
,woo in choi,최우인,Woo-in Choi
,woo jun jang,장우준,Woo-Jun Jang
,woo min lee,이우민,Woo-Min Lee
,woo ram jang,장우람,Woo-Ram Jang
Woo-seok Ko,woo seok ko,,
,woo seok song,송우석,Woo-Seok Song
,woo shin,신우재,Shin Wojae
,woo suk jeong,정우석,Woo-Suk Jung
,woo sung jeong,정우성,Woo-Sung Jung
Woo Tae Hong,woo tae hong,,
,woo tai hong,홍우태,Woo-Tai Hong
,woo yang jeong,정우양,Woo-Yang Jung
,woon heo,허운,Woon Heo
Woon Ho Jang,woon ho jang,,
,woon hyun noh,노운현,Woon-Hyun Noh
,woong han lee,이웅한,Woong-Han Lee
,woong jung jang,장웅정,Woong-Jung Chang
,woong kim,김웅,Woong Kim
,woong na,나웅,Woong Na
Wung Joung Chang,wung joung jang,,
,yang sik moon,문양식,Yang-sik Moon
,yang soo kim,김양수,Yang-soo Kim
,yang woo lee,이양우,Yang-Woo Lee
Yasiel Puig,yasiel puig,,
,yasiel valdes,푸이그,Yasiel Puig Valdés
,ye chan lee,이예찬,Ye-chan Lee
,ye jun kim,김예준,Ye-Jun Kim
,yee kyung choi,최이경,Yee-kyung Choi
,yefry alcala,라미레즈,Yefry Ramírez Alcala
Yefry Ramírez,yefry ramirez,,
,yeon hoon kim,김연훈,Yeon-Hoon Kim
,yeon je jeong,정연제,Yeon-Je Jung
,yeon jun kim,김연준,Yeon-Jun Kim
,yeon jun lee,김연준,Yeon-Jun Lee
Yeon Kyu Ji,yeon kyu ji,,
,yeon wook han,한연욱,Yeon-Wook Han
,yeong chan ko,고영찬,Young-Chan Ko
,yeong choul kwon,권영철,Young-Choul Kwon
,yeong gu kwon,권영구,Young-Gu Kwon
Yeong-gyun Chang,yeong gyun jang,,
Yeong-gyun Kim,yeong gyun kim,,
Yeong-gyun Shin,yeong gyun shin,,
,yeong ha yoo,유영하,Young-Ha Yoo
,yeong han kim,김영한,Young-Han Kim
,yeong ho lee,이용호,Young-Ho Lee
,yeong hun seong,성영훈,Yeong-Hun Seong
Yeong-il Oh,yeong il oh,,
Yeong-jae Eom,yeong jae eom,,
,yeong jae ko,고영재,Young-Jae Gp
,yeong jae shin,신영재,Young-Jae Shin
Yeong-jae Song,yeong jae song,,
,yeong jae sung,성영재,Young-Jae Sung
,yeong jin doo,두영진,Yeong-Jin Do
,yeong jin ha,하영진,Young-Jin Ha
Young Joo Seo,yeong joo seo,,
,yeong jung  kim,김영중,Young-Jung  Kim
,yeong ki lee,이영기,Young-Ki Lee
,yeong kwang jeong,정영광,Young-Kwang Jung
,yeong kwang kim,김영광,Young-Kwang Kim
Young-kwon Kwon,yeong kwon kwon,,
,yeong kyun jang,장영균,Young-Kyun Jang
,yeong kyun kim,김영균,Young-Kyun Kim
,yeong kyun shin,신영균,Young-Kyun Shin
,yeong ll oh,오영일,Yeong-ll Oh
,yeong seok shin,신용석,Young-Seok Shin
,yeong tak sung,성영탁,Yeong-tak Sung
Young Uk Lee,yeong uk lee,,
Yeong-un Kim,yeong un kim,,
,yeong ung cheon,천영웅,Young-Ung Cheon
,yeong wook oh,오영욱,Yeong-Wook Oh
,yeong woon kim,김영운,Young-Woon Kim
Yeun Hun Kim,yeun hun kim,,
,yeun kyu ji,지연규,Yeun-Gyu Ji
,yi gab hwang,황이갑,Yi-Gab Hwang
Yi Hwan Kim,yi hwan kim,,
,yi hwang jeong,정이황,Yi-Hwang Jung
Yi-hyeon Hong,yi hyeon hong,,
,yi jun choi,최이준,Yi-Jun Choi
,yi seok doh,도이석,Yi-Seok Doh
Yi-seul Kim,yi seul kim,,
,yi soo kim,김이수,Yi-Soo Kim
,yi sul kim,김이슬,Yi-Sul Kim
Yil Yeon Choi,yil yeon choi,,
,yo han yoon,윤요한,Yo-han Yoon
,yong gwan kwon,권용관,Yong-Gwan Gwon
Yong-gwon Jun,yong gwon jeon,,
,yong ha choi,최용하,Yong-Ha Choi
,yong heui kim,김용희,Yong-Heui Kim
Yong-hun Cho,yong hun cho,,
Yong-hun Lee,yong hun lee,,
Yong-hyi Kim,yong hyi kim,,
,yong in kim,김용인,Yong-in Kim
,yong jea hong,홍재용,Yong-jea Hong
,yong joo seo,서용주,Yong-Joo Seo
,yong jun sohn,손용준,Yong-jun Son
,yong keun cho,조용근,Yong-Geun Cho
,yong ki na,나용기,Yong-Gi Na
Yong Kwan Kwon,yong kwan kwon,,
,yong kwon jeon,전용권,Yong-Kwon Jeon
,yong min park,박용민,Yong-Min Park
,yong saeng jeong,정용생,Yong-Saeng Jung
Yong-sang Jeong,yong sang jeong,,
Yong Seok Shin,yong seok shin,,
,yong seung shin,신용승,Yong-Seung Shin
Yong Su Shin,yong su shin,,
Yong-un Kim,yong un kim,,
,yong wan kim,김용완,Yong-Wahn Kim
,yong woo kwon,권용우,Yong-Woo Gwon
,yong wook park,박용욱,Yong-Wook Park
,yong woon kim,김용운,Yong-Woon Kim
,yoo bin choi,최유빈,Yu-Bin Choi
,yoo chan lee,이유찬,Yu-Chan Lee
,yoo chul jeong,정유철,Yoo-Chul Jung
,yoo geon choi,최유건,Yu-Geon Choi
Yoo-keon Choi,yoo keon choi,,
,yoo min kim,김유민,Yu-Min Kim
,yoo sang hong,홍유상,Yu-Sang Hong
,yoo seok jeong,정유석,Yu-Seok Jung
,yoo shin seo,서유신,Yu-shin Seo
,yoo sik kwon,권유식,Yoo-sik Kwon
,yoo sung noh,노유성,Yoo-Sung Noh
,yoo won hong,홍유원,Yu-won Hong
,yoo won shin,신유원,Yu-Won Shin
,yool nam,남율,Yu Naml
,yoon cheol choi,최윤철,Choi Yun-Cheol
Yoon-chul Park,yoon chul park,,
,yoon hak lee,이윤학,Yoon-Hak Lee
Yoon-Hee Nam,yoon hee nam,,
,yoon hoo shin,신윤후,Yoon-Hoo Shin
,yoon ji,지윤,Yoon Ji
,yoon joon song,송윤준,Yoon-Joon Song
,yoon ki han,한윤기,Yoon-Gi Han
,yoon sang noh,노윤상,Yoon-Sang Noh
,yoon seok oh,오윤석,Yoon-Seok Oh
Yoon Sep Han,yoon sep han,,
,yoon sung hwang,황윤성,Yoon-Sung Hwang
,yoon sung park,박윤성,Yoon-Sung Park
Youn Suk Choi,youn suk choi,,
,yul ki sohn,손율기,Yul-gi Son
,yun chul park,박윤철,Yun-Chul Park
,yun ho jeong,정윤호,Yun-Ho Jung
,yun hwan jeong,정윤환,Yun-Hwan Jung
,yun jun pang,방윤준,Yun-jun Bang
Yun Jun Song,yun jun song,,
,yun seo choi,최윤서,Yun-seo Choi
,yun seob han,한윤섭,Yun-Seop Han
,yun seok choi,최윤석,Yun-Seok Choi
Yun-Seong Hwang,yun seong hwang,,
,yun sung nam,남윤성,Nam Yun-Sung
Yun Sung Park,yun sung park,,
Yunesky Maya,yunesky maya,,
Yung Hoon Sung,yung hoon sung,,
,yunieski maya,마야,Yunieski Maya
Zach Petrick,zach petrick,,
Zach Stewart,zach stewart,,
,zachary petrick,페트릭,Zachary Bernard Petrick
,zachary stewart,스튜어트,Zachary Robert Stewart
Zeke Spruill,zeke spruill,,
